Date,Predicted_Price,Horizon
258,5356.677791636782,1
259,5356.677791636782,2
260,5356.677791636782,3
261,5356.677791636782,4
262,5356.677791636782,5
263,5356.677791636782,6
264,5356.677791636782,7
265,5356.677791636782,8
266,5356.677791636782,9
267,5358.828401862519,10
268,5358.828401862519,11
269,5599.453898847995,12
270,5599.453898847995,13
271,5595.493365352762,14
272,5595.493365352762,15
273,5595.493365352762,16
274,5595.493365352762,17
275,5593.625903027633,18
276,5593.625903027633,19
277,5591.216761212482,20
278,5602.073724164443,21
279,5602.073724164443,22
280,5602.073724164443,23
281,5602.073724164443,24
282,5602.073724164443,25
283,5602.073724164443,26
284,5833.975821652836,27
285,5823.1188587008755,28
286,5823.1188587008755,29
287,5823.1188587008755,30
