Predicted_Price,Horizon,File_Date,Date,Price,Trained_Price
6390.64,1,2023-05-05,2023-05-12,6546.0,6383.0
6390.64,2,2023-05-05,2023-05-19,6530.0,6383.0
6390.64,3,2023-05-05,2023-05-26,6356.0,6383.0
6391.0684,4,2023-05-05,2023-06-02,6346.0,6383.0
6391.0684,5,2023-05-05,2023-06-09,6296.0,6383.0
6391.0684,6,2023-05-05,2023-06-16,6289.0,6383.0
6391.0684,7,2023-05-05,2023-06-23,6504.0,6383.0
6393.4263,8,2023-05-05,2023-06-30,6365.0,6383.0
6393.4263,9,2023-05-05,2023-07-07,6262.0,6383.0
6394.895,10,2023-05-05,2023-07-14,6054.0,6383.0
6394.895,11,2023-05-05,2023-07-21,6401.0,6383.0
6394.895,12,2023-05-05,2023-07-28,6341.0,6383.0
6394.895,13,2023-05-05,2023-08-04,6385.0,6383.0
6394.895,14,2023-05-05,2023-08-11,6450.0,6383.0
6394.895,15,2023-05-05,2023-08-18,6448.0,6383.0
6397.3545,16,2023-05-05,2023-08-25,6282.0,6383.0
6397.3545,17,2023-05-05,2023-09-01,6119.0,6383.0
6397.3545,18,2023-05-05,2023-09-08,6176.0,6383.0
6397.3545,19,2023-05-05,2023-09-15,6291.0,6383.0
6397.3545,20,2023-05-05,2023-09-22,6160.0,6383.0
6397.3545,21,2023-05-05,2023-09-29,6194.0,6383.0
6397.3545,22,2023-05-05,2023-10-06,6211.0,6383.0
6397.3545,23,2023-05-05,2023-10-13,6089.0,6383.0
6397.3545,24,2023-05-05,2023-10-20,6150.0,6383.0
6397.3545,25,2023-05-05,2023-10-27,6060.0,6383.0
6397.3545,26,2023-05-05,2023-11-03,5877.0,6383.0
6397.3545,27,2023-05-05,2023-11-10,5942.0,6383.0
6397.3545,28,2023-05-05,2023-11-17,5900.0,6383.0
6397.3545,29,2023-05-05,2023-11-24,5866.0,6383.0
6397.3545,30,2023-05-05,2023-12-01,5798.0,6383.0
6688.983,31,2023-05-05,2023-12-08,5871.0,6383.0
6382.818,1,2023-05-12,2023-05-19,6530.0,6546.0
6382.818,2,2023-05-12,2023-05-26,6356.0,6546.0
6382.818,3,2023-05-12,2023-06-02,6346.0,6546.0
6382.9478,4,2023-05-12,2023-06-09,6296.0,6546.0
6382.9478,5,2023-05-12,2023-06-16,6289.0,6546.0
6382.9478,6,2023-05-12,2023-06-23,6504.0,6546.0
6382.9478,7,2023-05-12,2023-06-30,6365.0,6546.0
6382.9478,8,2023-05-12,2023-07-07,6262.0,6546.0
6382.9478,9,2023-05-12,2023-07-14,6054.0,6546.0
6387.555,10,2023-05-12,2023-07-21,6401.0,6546.0
6387.555,11,2023-05-12,2023-07-28,6341.0,6546.0
6387.555,12,2023-05-12,2023-08-04,6385.0,6546.0
6387.555,13,2023-05-12,2023-08-11,6450.0,6546.0
6543.219,14,2023-05-12,2023-08-18,6448.0,6546.0
6543.219,15,2023-05-12,2023-08-25,6282.0,6546.0
6543.219,16,2023-05-12,2023-09-01,6119.0,6546.0
6543.703,17,2023-05-12,2023-09-08,6176.0,6546.0
6543.703,18,2023-05-12,2023-09-15,6291.0,6546.0
6543.703,19,2023-05-12,2023-09-22,6160.0,6546.0
6544.665,20,2023-05-12,2023-09-29,6194.0,6546.0
6544.665,21,2023-05-12,2023-10-06,6211.0,6546.0
6544.665,22,2023-05-12,2023-10-13,6089.0,6546.0
6544.665,23,2023-05-12,2023-10-20,6150.0,6546.0
6544.665,24,2023-05-12,2023-10-27,6060.0,6546.0
6544.665,25,2023-05-12,2023-11-03,5877.0,6546.0
6545.0806,26,2023-05-12,2023-11-10,5942.0,6546.0
6545.0806,27,2023-05-12,2023-11-17,5900.0,6546.0
6545.0806,28,2023-05-12,2023-11-24,5866.0,6546.0
6545.0806,29,2023-05-12,2023-12-01,5798.0,6546.0
6680.8687,30,2023-05-12,2023-12-08,5871.0,6546.0
6370.124,1,2023-05-19,2023-05-26,6356.0,6530.0
6370.124,2,2023-05-19,2023-06-02,6346.0,6530.0
6370.124,3,2023-05-19,2023-06-09,6296.0,6530.0
6370.124,4,2023-05-19,2023-06-16,6289.0,6530.0
6369.841,5,2023-05-19,2023-06-23,6504.0,6530.0
6369.841,6,2023-05-19,2023-06-30,6365.0,6530.0
6369.841,7,2023-05-19,2023-07-07,6262.0,6530.0
6369.841,8,2023-05-19,2023-07-14,6054.0,6530.0
6520.7256,9,2023-05-19,2023-07-21,6401.0,6530.0
6521.9355,10,2023-05-19,2023-07-28,6341.0,6530.0
6521.9355,11,2023-05-19,2023-08-04,6385.0,6530.0
6549.541,12,2023-05-19,2023-08-11,6450.0,6530.0
6549.541,13,2023-05-19,2023-08-18,6448.0,6530.0
6549.541,14,2023-05-19,2023-08-25,6282.0,6530.0
6549.541,15,2023-05-19,2023-09-01,6119.0,6530.0
6550.6006,16,2023-05-19,2023-09-08,6176.0,6530.0
6550.6006,17,2023-05-19,2023-09-15,6291.0,6530.0
6550.6006,18,2023-05-19,2023-09-22,6160.0,6530.0
6550.6006,19,2023-05-19,2023-09-29,6194.0,6530.0
6550.6006,20,2023-05-19,2023-10-06,6211.0,6530.0
6550.6006,21,2023-05-19,2023-10-13,6089.0,6530.0
6550.6006,22,2023-05-19,2023-10-20,6150.0,6530.0
6550.6006,23,2023-05-19,2023-10-27,6060.0,6530.0
6550.6006,24,2023-05-19,2023-11-03,5877.0,6530.0
6550.6006,25,2023-05-19,2023-11-10,5942.0,6530.0
6550.6006,26,2023-05-19,2023-11-17,5900.0,6530.0
6550.6006,27,2023-05-19,2023-11-24,5866.0,6530.0
6550.6006,28,2023-05-19,2023-12-01,5798.0,6530.0
6676.0117,29,2023-05-19,2023-12-08,5871.0,6530.0
6373.1616,1,2023-05-26,2023-06-02,6346.0,6356.0
6373.1616,2,2023-05-26,2023-06-09,6296.0,6356.0
6372.983,3,2023-05-26,2023-06-16,6289.0,6356.0
6372.983,4,2023-05-26,2023-06-23,6504.0,6356.0
6372.983,5,2023-05-26,2023-06-30,6365.0,6356.0
6373.649,6,2023-05-26,2023-07-07,6262.0,6356.0
6373.6577,7,2023-05-26,2023-07-14,6054.0,6356.0
6523.0894,8,2023-05-26,2023-07-21,6401.0,6356.0
6527.2485,9,2023-05-26,2023-07-28,6341.0,6356.0
6527.2485,10,2023-05-26,2023-08-04,6385.0,6356.0
6553.5083,11,2023-05-26,2023-08-11,6450.0,6356.0
6554.1045,12,2023-05-26,2023-08-18,6448.0,6356.0
6554.1045,13,2023-05-26,2023-08-25,6282.0,6356.0
6553.6406,14,2023-05-26,2023-09-01,6119.0,6356.0
6555.378,15,2023-05-26,2023-09-08,6176.0,6356.0
6555.2,16,2023-05-26,2023-09-15,6291.0,6356.0
6555.2,17,2023-05-26,2023-09-22,6160.0,6356.0
6555.2,18,2023-05-26,2023-09-29,6194.0,6356.0
6555.9326,19,2023-05-26,2023-10-06,6211.0,6356.0
6555.9326,20,2023-05-26,2023-10-13,6089.0,6356.0
6555.9326,21,2023-05-26,2023-10-20,6150.0,6356.0
6556.9365,22,2023-05-26,2023-10-27,6060.0,6356.0
6556.9365,23,2023-05-26,2023-11-03,5877.0,6356.0
6556.9365,24,2023-05-26,2023-11-10,5942.0,6356.0
6556.9365,25,2023-05-26,2023-11-17,5900.0,6356.0
6556.9365,26,2023-05-26,2023-11-24,5866.0,6356.0
6678.6875,27,2023-05-26,2023-12-01,5798.0,6356.0
6678.6875,28,2023-05-26,2023-12-08,5871.0,6356.0
6362.2275,1,2023-06-02,2023-06-09,6296.0,6346.0
6362.2275,2,2023-06-02,2023-06-16,6289.0,6346.0
6362.2275,3,2023-06-02,2023-06-23,6504.0,6346.0
6362.2275,4,2023-06-02,2023-06-30,6365.0,6346.0
6362.2275,5,2023-06-02,2023-07-07,6262.0,6346.0
6362.2275,6,2023-06-02,2023-07-14,6054.0,6346.0
6511.286,7,2023-06-02,2023-07-21,6401.0,6346.0
6511.7183,8,2023-06-02,2023-07-28,6341.0,6346.0
6515.1074,9,2023-06-02,2023-08-04,6385.0,6346.0
6549.543,10,2023-06-02,2023-08-11,6450.0,6346.0
6549.543,11,2023-06-02,2023-08-18,6448.0,6346.0
6549.543,12,2023-06-02,2023-08-25,6282.0,6346.0
6549.543,13,2023-06-02,2023-09-01,6119.0,6346.0
6549.543,14,2023-06-02,2023-09-08,6176.0,6346.0
6549.543,15,2023-06-02,2023-09-15,6291.0,6346.0
6549.543,16,2023-06-02,2023-09-22,6160.0,6346.0
6549.543,17,2023-06-02,2023-09-29,6194.0,6346.0
6551.5454,18,2023-06-02,2023-10-06,6211.0,6346.0
6551.5454,19,2023-06-02,2023-10-13,6089.0,6346.0
6551.5454,20,2023-06-02,2023-10-20,6150.0,6346.0
6551.5454,21,2023-06-02,2023-10-27,6060.0,6346.0
6551.5454,22,2023-06-02,2023-11-03,5877.0,6346.0
6551.5454,23,2023-06-02,2023-11-10,5942.0,6346.0
6551.5454,24,2023-06-02,2023-11-17,5900.0,6346.0
6551.5454,25,2023-06-02,2023-11-24,5866.0,6346.0
6551.5454,26,2023-06-02,2023-12-01,5798.0,6346.0
6684.442,27,2023-06-02,2023-12-08,5871.0,6346.0
6360.827,1,2023-06-09,2023-06-16,6289.0,6296.0
6360.827,2,2023-06-09,2023-06-23,6504.0,6296.0
6360.827,3,2023-06-09,2023-06-30,6365.0,6296.0
6360.827,4,2023-06-09,2023-07-07,6262.0,6296.0
6360.827,5,2023-06-09,2023-07-14,6054.0,6296.0
6513.3975,6,2023-06-09,2023-07-21,6401.0,6296.0
6513.3975,7,2023-06-09,2023-07-28,6341.0,6296.0
6513.3975,8,2023-06-09,2023-08-04,6385.0,6296.0
6547.8755,9,2023-06-09,2023-08-11,6450.0,6296.0
6551.857,10,2023-06-09,2023-08-18,6448.0,6296.0
6551.857,11,2023-06-09,2023-08-25,6282.0,6296.0
6551.857,12,2023-06-09,2023-09-01,6119.0,6296.0
6550.9707,13,2023-06-09,2023-09-08,6176.0,6296.0
6550.9707,14,2023-06-09,2023-09-15,6291.0,6296.0
6552.1284,15,2023-06-09,2023-09-22,6160.0,6296.0
6552.1284,16,2023-06-09,2023-09-29,6194.0,6296.0
6552.1284,17,2023-06-09,2023-10-06,6211.0,6296.0
6552.1284,18,2023-06-09,2023-10-13,6089.0,6296.0
6552.1284,19,2023-06-09,2023-10-20,6150.0,6296.0
6552.1284,20,2023-06-09,2023-10-27,6060.0,6296.0
6552.1284,21,2023-06-09,2023-11-03,5877.0,6296.0
6552.1284,22,2023-06-09,2023-11-10,5942.0,6296.0
6552.1284,23,2023-06-09,2023-11-17,5900.0,6296.0
6552.1284,24,2023-06-09,2023-11-24,5866.0,6296.0
6558.15,25,2023-06-09,2023-12-01,5798.0,6296.0
6686.927,26,2023-06-09,2023-12-08,5871.0,6296.0
6362.724,1,2023-06-16,2023-06-23,6504.0,6289.0
6362.724,2,2023-06-16,2023-06-30,6365.0,6289.0
6363.0103,3,2023-06-16,2023-07-07,6262.0,6289.0
6363.0103,4,2023-06-16,2023-07-14,6054.0,6289.0
6363.0103,5,2023-06-16,2023-07-21,6401.0,6289.0
6525.462,6,2023-06-16,2023-07-28,6341.0,6289.0
6525.462,7,2023-06-16,2023-08-04,6385.0,6289.0
6525.462,8,2023-06-16,2023-08-11,6450.0,6289.0
6557.308,9,2023-06-16,2023-08-18,6448.0,6289.0
6557.308,10,2023-06-16,2023-08-25,6282.0,6289.0
6557.308,11,2023-06-16,2023-09-01,6119.0,6289.0
6557.308,12,2023-06-16,2023-09-08,6176.0,6289.0
6557.308,13,2023-06-16,2023-09-15,6291.0,6289.0
6557.308,14,2023-06-16,2023-09-22,6160.0,6289.0
6557.308,15,2023-06-16,2023-09-29,6194.0,6289.0
6557.308,16,2023-06-16,2023-10-06,6211.0,6289.0
6557.308,17,2023-06-16,2023-10-13,6089.0,6289.0
6557.308,18,2023-06-16,2023-10-20,6150.0,6289.0
6557.308,19,2023-06-16,2023-10-27,6060.0,6289.0
6557.308,20,2023-06-16,2023-11-03,5877.0,6289.0
6557.308,21,2023-06-16,2023-11-10,5942.0,6289.0
6557.308,22,2023-06-16,2023-11-17,5900.0,6289.0
6557.308,23,2023-06-16,2023-11-24,5866.0,6289.0
6557.308,24,2023-06-16,2023-12-01,5798.0,6289.0
6683.6387,25,2023-06-16,2023-12-08,5871.0,6289.0
6428.993,1,2023-06-23,2023-06-30,6365.0,6504.0
6428.993,2,2023-06-23,2023-07-07,6262.0,6504.0
6504.6367,3,2023-06-23,2023-07-14,6054.0,6504.0
6504.6367,4,2023-06-23,2023-07-21,6401.0,6504.0
6588.925,5,2023-06-23,2023-07-28,6341.0,6504.0
6589.0737,6,2023-06-23,2023-08-04,6385.0,6504.0
6589.0737,7,2023-06-23,2023-08-11,6450.0,6504.0
6611.065,8,2023-06-23,2023-08-18,6448.0,6504.0
6615.12,9,2023-06-23,2023-08-25,6282.0,6504.0
6615.12,10,2023-06-23,2023-09-01,6119.0,6504.0
6615.1094,11,2023-06-23,2023-09-08,6176.0,6504.0
6615.1094,12,2023-06-23,2023-09-15,6291.0,6504.0
6615.1094,13,2023-06-23,2023-09-22,6160.0,6504.0
6615.1094,14,2023-06-23,2023-09-29,6194.0,6504.0
6615.1094,15,2023-06-23,2023-10-06,6211.0,6504.0
6615.1094,16,2023-06-23,2023-10-13,6089.0,6504.0
6615.1094,17,2023-06-23,2023-10-20,6150.0,6504.0
6615.1094,18,2023-06-23,2023-10-27,6060.0,6504.0
6615.1094,19,2023-06-23,2023-11-03,5877.0,6504.0
6615.1094,20,2023-06-23,2023-11-10,5942.0,6504.0
6615.1094,21,2023-06-23,2023-11-17,5900.0,6504.0
6615.1094,22,2023-06-23,2023-11-24,5866.0,6504.0
6615.1094,23,2023-06-23,2023-12-01,5798.0,6504.0
6687.2456,24,2023-06-23,2023-12-08,5871.0,6504.0
6402.191,1,2023-06-30,2023-07-07,6262.0,6365.0
6505.339,2,2023-06-30,2023-07-14,6054.0,6365.0
6505.339,3,2023-06-30,2023-07-21,6401.0,6365.0
6572.7085,4,2023-06-30,2023-07-28,6341.0,6365.0
6572.7085,5,2023-06-30,2023-08-04,6385.0,6365.0
6572.7085,6,2023-06-30,2023-08-11,6450.0,6365.0
6580.8687,7,2023-06-30,2023-08-18,6448.0,6365.0
6582.4644,8,2023-06-30,2023-08-25,6282.0,6365.0
6582.4644,9,2023-06-30,2023-09-01,6119.0,6365.0
6582.4644,10,2023-06-30,2023-09-08,6176.0,6365.0
6581.917,11,2023-06-30,2023-09-15,6291.0,6365.0
6581.917,12,2023-06-30,2023-09-22,6160.0,6365.0
6581.917,13,2023-06-30,2023-09-29,6194.0,6365.0
6581.917,14,2023-06-30,2023-10-06,6211.0,6365.0
6581.917,15,2023-06-30,2023-10-13,6089.0,6365.0
6581.917,16,2023-06-30,2023-10-20,6150.0,6365.0
6581.917,17,2023-06-30,2023-10-27,6060.0,6365.0
6581.917,18,2023-06-30,2023-11-03,5877.0,6365.0
6581.917,19,2023-06-30,2023-11-10,5942.0,6365.0
6581.917,20,2023-06-30,2023-11-17,5900.0,6365.0
6581.917,21,2023-06-30,2023-11-24,5866.0,6365.0
6581.917,22,2023-06-30,2023-12-01,5798.0,6365.0
6688.5845,23,2023-06-30,2023-12-08,5871.0,6365.0
6499.836,1,2023-07-07,2023-07-14,6054.0,6262.0
6499.641,2,2023-07-07,2023-07-21,6401.0,6262.0
6566.7563,3,2023-07-07,2023-07-28,6341.0,6262.0
6566.7563,4,2023-07-07,2023-08-04,6385.0,6262.0
6567.028,5,2023-07-07,2023-08-11,6450.0,6262.0
6578.35,6,2023-07-07,2023-08-18,6448.0,6262.0
6578.35,7,2023-07-07,2023-08-25,6282.0,6262.0
6578.35,8,2023-07-07,2023-09-01,6119.0,6262.0
6578.35,9,2023-07-07,2023-09-08,6176.0,6262.0
6578.35,10,2023-07-07,2023-09-15,6291.0,6262.0
6578.35,11,2023-07-07,2023-09-22,6160.0,6262.0
6578.35,12,2023-07-07,2023-09-29,6194.0,6262.0
6578.7617,13,2023-07-07,2023-10-06,6211.0,6262.0
6578.7617,14,2023-07-07,2023-10-13,6089.0,6262.0
6578.7617,15,2023-07-07,2023-10-20,6150.0,6262.0
6578.1245,16,2023-07-07,2023-10-27,6060.0,6262.0
6578.1245,17,2023-07-07,2023-11-03,5877.0,6262.0
6578.1245,18,2023-07-07,2023-11-10,5942.0,6262.0
6578.1245,19,2023-07-07,2023-11-17,5900.0,6262.0
6578.1245,20,2023-07-07,2023-11-24,5866.0,6262.0
6578.1245,21,2023-07-07,2023-12-01,5798.0,6262.0
6578.1245,22,2023-07-07,2023-12-08,5871.0,6262.0
6505.186,1,2023-07-14,2023-07-21,6401.0,6054.0
6572.584,2,2023-07-14,2023-07-28,6341.0,6054.0
6572.584,3,2023-07-14,2023-08-04,6385.0,6054.0
6572.584,4,2023-07-14,2023-08-11,6450.0,6054.0
6582.0713,5,2023-07-14,2023-08-18,6448.0,6054.0
6582.0713,6,2023-07-14,2023-08-25,6282.0,6054.0
6582.0713,7,2023-07-14,2023-09-01,6119.0,6054.0
6582.0713,8,2023-07-14,2023-09-08,6176.0,6054.0
6582.0713,9,2023-07-14,2023-09-15,6291.0,6054.0
6582.0713,10,2023-07-14,2023-09-22,6160.0,6054.0
6582.0713,11,2023-07-14,2023-09-29,6194.0,6054.0
6582.0713,12,2023-07-14,2023-10-06,6211.0,6054.0
6582.5645,13,2023-07-14,2023-10-13,6089.0,6054.0
6582.5645,14,2023-07-14,2023-10-20,6150.0,6054.0
6582.5645,15,2023-07-14,2023-10-27,6060.0,6054.0
6582.5645,16,2023-07-14,2023-11-03,5877.0,6054.0
6582.5645,17,2023-07-14,2023-11-10,5942.0,6054.0
6582.5645,18,2023-07-14,2023-11-17,5900.0,6054.0
6582.5645,19,2023-07-14,2023-11-24,5866.0,6054.0
6580.5737,20,2023-07-14,2023-12-01,5798.0,6054.0
6580.5737,21,2023-07-14,2023-12-08,5871.0,6054.0
6506.912,1,2023-07-21,2023-07-28,6341.0,6401.0
6576.7056,2,2023-07-21,2023-08-04,6385.0,6401.0
6576.7056,3,2023-07-21,2023-08-11,6450.0,6401.0
6604.179,4,2023-07-21,2023-08-18,6448.0,6401.0
6605.2725,5,2023-07-21,2023-08-25,6282.0,6401.0
6605.2725,6,2023-07-21,2023-09-01,6119.0,6401.0
6605.2725,7,2023-07-21,2023-09-08,6176.0,6401.0
6605.2725,8,2023-07-21,2023-09-15,6291.0,6401.0
6605.2725,9,2023-07-21,2023-09-22,6160.0,6401.0
6605.2725,10,2023-07-21,2023-09-29,6194.0,6401.0
6605.2725,11,2023-07-21,2023-10-06,6211.0,6401.0
6605.2725,12,2023-07-21,2023-10-13,6089.0,6401.0
6605.2725,13,2023-07-21,2023-10-20,6150.0,6401.0
6605.2725,14,2023-07-21,2023-10-27,6060.0,6401.0
6605.2725,15,2023-07-21,2023-11-03,5877.0,6401.0
6605.2725,16,2023-07-21,2023-11-10,5942.0,6401.0
6605.2725,17,2023-07-21,2023-11-17,5900.0,6401.0
6605.2725,18,2023-07-21,2023-11-24,5866.0,6401.0
6605.2725,19,2023-07-21,2023-12-01,5798.0,6401.0
6605.2725,20,2023-07-21,2023-12-08,5871.0,6401.0
6577.5806,1,2023-07-28,2023-08-04,6385.0,6341.0
6577.5806,2,2023-07-28,2023-08-11,6450.0,6341.0
6577.5806,3,2023-07-28,2023-08-18,6448.0,6341.0
6585.986,4,2023-07-28,2023-08-25,6282.0,6341.0
6585.986,5,2023-07-28,2023-09-01,6119.0,6341.0
6585.986,6,2023-07-28,2023-09-08,6176.0,6341.0
6585.986,7,2023-07-28,2023-09-15,6291.0,6341.0
6585.986,8,2023-07-28,2023-09-22,6160.0,6341.0
6585.986,9,2023-07-28,2023-09-29,6194.0,6341.0
6585.986,10,2023-07-28,2023-10-06,6211.0,6341.0
6585.986,11,2023-07-28,2023-10-13,6089.0,6341.0
6585.986,12,2023-07-28,2023-10-20,6150.0,6341.0
6585.986,13,2023-07-28,2023-10-27,6060.0,6341.0
6585.986,14,2023-07-28,2023-11-03,5877.0,6341.0
6584.406,15,2023-07-28,2023-11-10,5942.0,6341.0
6584.406,16,2023-07-28,2023-11-17,5900.0,6341.0
6584.406,17,2023-07-28,2023-11-24,5866.0,6341.0
6584.406,18,2023-07-28,2023-12-01,5798.0,6341.0
6584.406,19,2023-07-28,2023-12-08,5871.0,6341.0
6512.8965,1,2023-08-04,2023-08-11,6450.0,6385.0
6512.889,2,2023-08-04,2023-08-18,6448.0,6385.0
6581.778,3,2023-08-04,2023-08-25,6282.0,6385.0
6580.0044,4,2023-08-04,2023-09-01,6119.0,6385.0
6580.0044,5,2023-08-04,2023-09-08,6176.0,6385.0
6580.0044,6,2023-08-04,2023-09-15,6291.0,6385.0
6580.0044,7,2023-08-04,2023-09-22,6160.0,6385.0
6578.7695,8,2023-08-04,2023-09-29,6194.0,6385.0
6578.7695,9,2023-08-04,2023-10-06,6211.0,6385.0
6578.7695,10,2023-08-04,2023-10-13,6089.0,6385.0
6580.09,11,2023-08-04,2023-10-20,6150.0,6385.0
6580.12,12,2023-08-04,2023-10-27,6060.0,6385.0
6580.12,13,2023-08-04,2023-11-03,5877.0,6385.0
6580.12,14,2023-08-04,2023-11-10,5942.0,6385.0
6580.12,15,2023-08-04,2023-11-17,5900.0,6385.0
6580.12,16,2023-08-04,2023-11-24,5866.0,6385.0
6580.12,17,2023-08-04,2023-12-01,5798.0,6385.0
6590.485,18,2023-08-04,2023-12-08,5871.0,6385.0
6515.837,1,2023-08-11,2023-08-18,6448.0,6450.0
6581.1997,2,2023-08-11,2023-08-25,6282.0,6450.0
6581.1997,3,2023-08-11,2023-09-01,6119.0,6450.0
6578.6587,4,2023-08-11,2023-09-08,6176.0,6450.0
6578.6587,5,2023-08-11,2023-09-15,6291.0,6450.0
6578.6587,6,2023-08-11,2023-09-22,6160.0,6450.0
6577.3726,7,2023-08-11,2023-09-29,6194.0,6450.0
6577.3726,8,2023-08-11,2023-10-06,6211.0,6450.0
6577.3726,9,2023-08-11,2023-10-13,6089.0,6450.0
6577.734,10,2023-08-11,2023-10-20,6150.0,6450.0
6576.9795,11,2023-08-11,2023-10-27,6060.0,6450.0
6576.9795,12,2023-08-11,2023-11-03,5877.0,6450.0
6576.9795,13,2023-08-11,2023-11-10,5942.0,6450.0
6576.9795,14,2023-08-11,2023-11-17,5900.0,6450.0
6589.5454,15,2023-08-11,2023-11-24,5866.0,6450.0
6589.5454,16,2023-08-11,2023-12-01,5798.0,6450.0
6589.5454,17,2023-08-11,2023-12-08,5871.0,6450.0
6555.74,1,2023-08-18,2023-08-25,6282.0,6448.0
6555.74,2,2023-08-18,2023-09-01,6119.0,6448.0
6555.74,3,2023-08-18,2023-09-08,6176.0,6448.0
6555.74,4,2023-08-18,2023-09-15,6291.0,6448.0
6555.3438,5,2023-08-18,2023-09-22,6160.0,6448.0
6555.3438,6,2023-08-18,2023-09-29,6194.0,6448.0
6555.3438,7,2023-08-18,2023-10-06,6211.0,6448.0
6555.3438,8,2023-08-18,2023-10-13,6089.0,6448.0
6555.3438,9,2023-08-18,2023-10-20,6150.0,6448.0
6556.5576,10,2023-08-18,2023-10-27,6060.0,6448.0
6556.5576,11,2023-08-18,2023-11-03,5877.0,6448.0
6560.948,12,2023-08-18,2023-11-10,5942.0,6448.0
6560.948,13,2023-08-18,2023-11-17,5900.0,6448.0
6560.948,14,2023-08-18,2023-11-24,5866.0,6448.0
6562.2656,15,2023-08-18,2023-12-01,5798.0,6448.0
6562.2656,16,2023-08-18,2023-12-08,5871.0,6448.0
6560.901,1,2023-08-25,2023-09-01,6119.0,6282.0
6561.189,2,2023-08-25,2023-09-08,6176.0,6282.0
6561.189,3,2023-08-25,2023-09-15,6291.0,6282.0
6561.189,4,2023-08-25,2023-09-22,6160.0,6282.0
6560.4946,5,2023-08-25,2023-09-29,6194.0,6282.0
6559.6807,6,2023-08-25,2023-10-06,6211.0,6282.0
6560.0713,7,2023-08-25,2023-10-13,6089.0,6282.0
6560.0713,8,2023-08-25,2023-10-20,6150.0,6282.0
6562.0737,9,2023-08-25,2023-10-27,6060.0,6282.0
6571.005,10,2023-08-25,2023-11-03,5877.0,6282.0
6571.005,11,2023-08-25,2023-11-10,5942.0,6282.0
6571.005,12,2023-08-25,2023-11-17,5900.0,6282.0
6571.005,13,2023-08-25,2023-11-24,5866.0,6282.0
6571.005,14,2023-08-25,2023-12-01,5798.0,6282.0
6570.3105,15,2023-08-25,2023-12-08,5871.0,6282.0
6568.558,1,2023-09-01,2023-09-08,6176.0,6119.0
6568.558,2,2023-09-01,2023-09-15,6291.0,6119.0
6568.558,3,2023-09-01,2023-09-22,6160.0,6119.0
6568.7607,4,2023-09-01,2023-09-29,6194.0,6119.0
6568.7607,5,2023-09-01,2023-10-06,6211.0,6119.0
6568.7607,6,2023-09-01,2023-10-13,6089.0,6119.0
6570.905,7,2023-09-01,2023-10-20,6150.0,6119.0
6570.905,8,2023-09-01,2023-10-27,6060.0,6119.0
6570.905,9,2023-09-01,2023-11-03,5877.0,6119.0
6570.905,10,2023-09-01,2023-11-10,5942.0,6119.0
6570.905,11,2023-09-01,2023-11-17,5900.0,6119.0
6570.905,12,2023-09-01,2023-11-24,5866.0,6119.0
6570.905,13,2023-09-01,2023-12-01,5798.0,6119.0
6570.905,14,2023-09-01,2023-12-08,5871.0,6119.0
6549.197,1,2023-09-08,2023-09-15,6291.0,6176.0
6548.289,2,2023-09-08,2023-09-22,6160.0,6176.0
6548.289,3,2023-09-08,2023-09-29,6194.0,6176.0
6548.289,4,2023-09-08,2023-10-06,6211.0,6176.0
6550.0596,5,2023-09-08,2023-10-13,6089.0,6176.0
6550.0596,6,2023-09-08,2023-10-20,6150.0,6176.0
6550.0596,7,2023-09-08,2023-10-27,6060.0,6176.0
6550.0596,8,2023-09-08,2023-11-03,5877.0,6176.0
6550.0596,9,2023-09-08,2023-11-10,5942.0,6176.0
6550.0596,10,2023-09-08,2023-11-17,5900.0,6176.0
6550.0596,11,2023-09-08,2023-11-24,5866.0,6176.0
6550.0596,12,2023-09-08,2023-12-01,5798.0,6176.0
6550.0596,13,2023-09-08,2023-12-08,5871.0,6176.0
6551.779,1,2023-09-15,2023-09-22,6160.0,6291.0
6551.779,2,2023-09-15,2023-09-29,6194.0,6291.0
6556.365,3,2023-09-15,2023-10-06,6211.0,6291.0
6556.365,4,2023-09-15,2023-10-13,6089.0,6291.0
6556.365,5,2023-09-15,2023-10-20,6150.0,6291.0
6556.365,6,2023-09-15,2023-10-27,6060.0,6291.0
6560.384,7,2023-09-15,2023-11-03,5877.0,6291.0
6560.384,8,2023-09-15,2023-11-10,5942.0,6291.0
6560.384,9,2023-09-15,2023-11-17,5900.0,6291.0
6560.384,10,2023-09-15,2023-11-24,5866.0,6291.0
6560.384,11,2023-09-15,2023-12-01,5798.0,6291.0
6560.384,12,2023-09-15,2023-12-08,5871.0,6291.0
6561.428,1,2023-09-22,2023-09-29,6194.0,6160.0
6561.428,2,2023-09-22,2023-10-06,6211.0,6160.0
6561.428,3,2023-09-22,2023-10-13,6089.0,6160.0
6561.6514,4,2023-09-22,2023-10-20,6150.0,6160.0
6561.6514,5,2023-09-22,2023-10-27,6060.0,6160.0
6563.149,6,2023-09-22,2023-11-03,5877.0,6160.0
6563.149,7,2023-09-22,2023-11-10,5942.0,6160.0
6563.149,8,2023-09-22,2023-11-17,5900.0,6160.0
6563.7607,9,2023-09-22,2023-11-24,5866.0,6160.0
6564.536,10,2023-09-22,2023-12-01,5798.0,6160.0
6564.536,11,2023-09-22,2023-12-08,5871.0,6160.0
6567.28,1,2023-09-29,2023-10-06,6211.0,6194.0
6567.28,2,2023-09-29,2023-10-13,6089.0,6194.0
6567.28,3,2023-09-29,2023-10-20,6150.0,6194.0
6567.28,4,2023-09-29,2023-10-27,6060.0,6194.0
6567.7554,5,2023-09-29,2023-11-03,5877.0,6194.0
6568.1655,6,2023-09-29,2023-11-10,5942.0,6194.0
6568.1655,7,2023-09-29,2023-11-17,5900.0,6194.0
6568.1655,8,2023-09-29,2023-11-24,5866.0,6194.0
6568.1655,9,2023-09-29,2023-12-01,5798.0,6194.0
6569.67,10,2023-09-29,2023-12-08,5871.0,6194.0
6550.035,1,2023-10-06,2023-10-13,6089.0,6211.0
6550.035,2,2023-10-06,2023-10-20,6150.0,6211.0
6550.035,3,2023-10-06,2023-10-27,6060.0,6211.0
6550.572,4,2023-10-06,2023-11-03,5877.0,6211.0
6549.4683,5,2023-10-06,2023-11-10,5942.0,6211.0
6549.4683,6,2023-10-06,2023-11-17,5900.0,6211.0
6551.589,7,2023-10-06,2023-11-24,5866.0,6211.0
6551.589,8,2023-10-06,2023-12-01,5798.0,6211.0
6551.589,9,2023-10-06,2023-12-08,5871.0,6211.0
6565.3657,1,2023-10-13,2023-10-20,6150.0,6089.0
6565.3657,2,2023-10-13,2023-10-27,6060.0,6089.0
6565.3657,3,2023-10-13,2023-11-03,5877.0,6089.0
6565.692,4,2023-10-13,2023-11-10,5942.0,6089.0
6565.692,5,2023-10-13,2023-11-17,5900.0,6089.0
6565.692,6,2023-10-13,2023-11-24,5866.0,6089.0
6565.692,7,2023-10-13,2023-12-01,5798.0,6089.0
6565.692,8,2023-10-13,2023-12-08,5871.0,6089.0
6568.4316,1,2023-10-20,2023-10-27,6060.0,6150.0
6568.9487,2,2023-10-20,2023-11-03,5877.0,6150.0
6568.9487,3,2023-10-20,2023-11-10,5942.0,6150.0
6568.9487,4,2023-10-20,2023-11-17,5900.0,6150.0
6568.669,5,2023-10-20,2023-11-24,5866.0,6150.0
6568.669,6,2023-10-20,2023-12-01,5798.0,6150.0
6568.669,7,2023-10-20,2023-12-08,5871.0,6150.0
6564.366,1,2023-10-27,2023-11-03,5877.0,6060.0
6564.366,2,2023-10-27,2023-11-10,5942.0,6060.0
6564.366,3,2023-10-27,2023-11-17,5900.0,6060.0
6564.366,4,2023-10-27,2023-11-24,5866.0,6060.0
6564.366,5,2023-10-27,2023-12-01,5798.0,6060.0
6564.366,6,2023-10-27,2023-12-08,5871.0,6060.0
6561.204,1,2023-11-03,2023-11-10,5942.0,5877.0
6561.204,2,2023-11-03,2023-11-17,5900.0,5877.0
6557.0493,3,2023-11-03,2023-11-24,5866.0,5877.0
6557.0493,4,2023-11-03,2023-12-01,5798.0,5877.0
6557.0493,5,2023-11-03,2023-12-08,5871.0,5877.0
6566.509,1,2023-11-10,2023-11-17,5900.0,5942.0
6566.509,2,2023-11-10,2023-11-24,5866.0,5942.0
6560.9233,3,2023-11-10,2023-12-01,5798.0,5942.0
6560.9233,4,2023-11-10,2023-12-08,5871.0,5942.0
6575.203,1,2023-11-17,2023-11-24,5866.0,5900.0
6575.203,2,2023-11-17,2023-12-01,5798.0,5900.0
6575.203,3,2023-11-17,2023-12-08,5871.0,5900.0
6657.965,1,2023-11-24,2023-12-01,5798.0,5866.0
6657.965,2,2023-11-24,2023-12-08,5871.0,5866.0
6643.2725,1,2023-12-01,2023-12-08,5871.0,5798.0
