Predicted_Price,Horizon,File_Date,Date,Price,Trained_Price,mape,dir_acc
5738.31,1,2023-05-01,2023-05-08,6494.0,6731.0,0.11636741607637813,1
5738.31,2,2023-05-01,2023-05-15,6541.0,6731.0,0.12271670998318294,1
5738.31,3,2023-05-01,2023-05-22,6338.0,6731.0,0.09461817608078252,1
5738.3125,4,2023-05-01,2023-05-29,6424.0,6731.0,0.10673840286425904,1
5738.3125,5,2023-05-01,2023-06-05,6326.0,6731.0,0.09290033196332595,1
5738.256,6,2023-05-01,2023-06-12,6286.0,6731.0,0.08713713013044856,1
5738.3125,7,2023-05-01,2023-06-19,6365.0,6731.0,0.09845836606441477,1
5738.3125,8,2023-05-01,2023-06-26,6531.0,6731.0,0.12137306691165212,1
5738.256,9,2023-05-01,2023-07-03,6279.0,6731.0,0.08611944577161963,1
5738.241,10,2023-05-01,2023-07-10,6212.0,6731.0,0.07626513200257566,1
5738.241,11,2023-05-01,2023-07-17,6155.0,6731.0,0.06771064175467101,1
5752.3154,12,2023-05-01,2023-07-24,6493.0,6731.0,0.11407432619744334,1
5752.3154,13,2023-05-01,2023-07-31,6270.0,6731.0,0.08256532695374794,1
5938.044,14,2023-05-01,2023-08-07,6395.0,6731.0,0.07145519937451136,1
5938.044,15,2023-05-01,2023-08-14,6419.0,6731.0,0.07492693565976011,1
5938.0527,16,2023-05-01,2023-08-21,6465.0,6731.0,0.08150770301624127,1
5938.0527,17,2023-05-01,2023-08-28,6262.0,6731.0,0.05173224209517723,1
5938.0527,18,2023-05-01,2023-09-04,6130.0,6731.0,0.031312773246329494,1
5938.0527,19,2023-05-01,2023-09-11,6153.0,6731.0,0.03493373963920036,1
5939.956,20,2023-05-01,2023-09-18,6294.0,6731.0,0.05625103272958371,1
5939.956,21,2023-05-01,2023-09-25,6160.0,6731.0,0.03572142857142855,1
5938.621,22,2023-05-01,2023-10-02,6139.0,6731.0,0.03264033230167778,1
5938.621,23,2023-05-01,2023-10-09,6234.0,6731.0,0.04738193776066729,1
5938.621,24,2023-05-01,2023-10-16,6089.0,6731.0,0.02469683034981112,1
5938.621,25,2023-05-01,2023-10-23,6160.0,6731.0,0.03593814935064934,1
5938.621,26,2023-05-01,2023-10-30,5975.0,6731.0,0.006088535564853541,1
5938.615,27,2023-05-01,2023-11-06,5840.0,6731.0,0.016886130136986265,1
5938.846,28,2023-05-01,2023-11-13,5926.0,6731.0,0.0021677354033073823,1
5938.846,29,2023-05-01,2023-11-20,5874.0,6731.0,0.011039496084439828,1
5938.846,30,2023-05-01,2023-11-27,5814.0,6731.0,0.021473340213278215,1
5938.846,31,2023-05-01,2023-12-04,5819.0,6731.0,0.020595634988829617,1
5938.846,32,2023-05-01,2023-12-11,5876.0,6731.0,0.010695371000680659,1
5738.7915,1,2023-05-08,2023-05-15,6541.0,6494.0,0.1226430973857208,0
5738.7915,2,2023-05-08,2023-05-22,6338.0,6494.0,0.0945422057431366,1
5738.7866,3,2023-05-08,2023-05-29,6424.0,6494.0,0.10666460149439595,1
5737.935,4,2023-05-08,2023-06-05,6326.0,6494.0,0.09296000632311091,1
5737.935,5,2023-05-08,2023-06-12,6286.0,6494.0,0.08718819599109125,1
5737.935,6,2023-05-08,2023-06-19,6365.0,6494.0,0.0985176747839748,1
5737.935,7,2023-05-08,2023-06-26,6531.0,6494.0,0.12143086816720251,0
5737.935,8,2023-05-08,2023-07-03,6279.0,6494.0,0.08617056856187284,1
5737.935,9,2023-05-08,2023-07-10,6212.0,6494.0,0.07631439150032189,1
5737.935,10,2023-05-08,2023-07-17,6155.0,6494.0,0.06776035743298126,1
5737.935,11,2023-05-08,2023-07-24,6493.0,6494.0,0.1162890805482827,1
5919.895,12,2023-05-08,2023-07-31,6270.0,6494.0,0.05583811802232848,1
5921.4404,13,2023-05-08,2023-08-07,6395.0,6494.0,0.07405154026583262,1
5921.4404,14,2023-05-08,2023-08-14,6419.0,6494.0,0.07751356909175877,1
5921.514,15,2023-05-08,2023-08-21,6465.0,6494.0,0.0840658932714617,1
5921.514,16,2023-05-08,2023-08-28,6262.0,6494.0,0.05437336314276587,1
5921.514,17,2023-05-08,2023-09-04,6130.0,6494.0,0.03401076672104403,1
5936.943,18,2023-05-08,2023-09-11,6153.0,6494.0,0.03511409068746949,1
5936.943,19,2023-05-08,2023-09-18,6294.0,6494.0,0.056729742612011406,1
5936.941,20,2023-05-08,2023-09-25,6160.0,6494.0,0.03621087662337665,1
5935.3794,21,2023-05-08,2023-10-02,6139.0,6494.0,0.03316836618341753,1
5935.3794,22,2023-05-08,2023-10-09,6234.0,6494.0,0.04790192492781524,1
5935.3794,23,2023-05-08,2023-10-16,6089.0,6494.0,0.025229200197076727,1
5935.3794,24,2023-05-08,2023-10-23,6160.0,6494.0,0.03646438311688315,1
5935.3794,25,2023-05-08,2023-10-30,5975.0,6494.0,0.006631062761506309,1
5935.3794,26,2023-05-08,2023-11-06,5840.0,6494.0,0.016332089041095857,1
5936.518,27,2023-05-08,2023-11-13,5926.0,6494.0,0.0017748903138710816,1
5936.518,28,2023-05-08,2023-11-20,5874.0,6494.0,0.010643173306094659,1
5936.518,29,2023-05-08,2023-11-27,5814.0,6494.0,0.02107292741658067,1
5936.6313,30,2023-05-08,2023-12-04,5819.0,6494.0,0.0202150369479292,1
5936.6313,31,2023-05-08,2023-12-11,5876.0,6494.0,0.01031846494213751,1
5724.202,1,2023-05-15,2023-05-22,6338.0,6541.0,0.09684411486273269,1
5724.1885,2,2023-05-15,2023-05-29,6424.0,6541.0,0.1089370330012453,1
5722.8174,3,2023-05-15,2023-06-05,6326.0,6541.0,0.09534976288333862,1
5722.8174,4,2023-05-15,2023-06-12,6286.0,6541.0,0.08959315940184538,1
5722.8174,5,2023-05-15,2023-06-19,6365.0,6541.0,0.10089278868813827,1
5722.8174,6,2023-05-15,2023-06-26,6531.0,6541.0,0.12374561322921453,1
5722.8174,7,2023-05-15,2023-07-03,6279.0,6541.0,0.08857821309125659,1
5722.8174,8,2023-05-15,2023-07-10,6212.0,6541.0,0.07874800386349004,1
5722.8174,9,2023-05-15,2023-07-17,6155.0,6541.0,0.07021650690495533,1
5722.8174,10,2023-05-15,2023-07-24,6493.0,6541.0,0.1186173725550593,1
5901.466,11,2023-05-15,2023-07-31,6270.0,6541.0,0.05877735247208926,1
5901.4043,12,2023-05-15,2023-08-07,6395.0,6541.0,0.07718462861610631,1
5901.4043,13,2023-05-15,2023-08-14,6419.0,6541.0,0.08063494313756034,1
5916.7383,14,2023-05-15,2023-08-21,6465.0,6541.0,0.08480459396751741,1
5916.7344,15,2023-05-15,2023-08-28,6262.0,6541.0,0.05513663366336629,1
5916.7344,16,2023-05-15,2023-09-04,6130.0,6541.0,0.03479047308319735,1
5916.7344,17,2023-05-15,2023-09-11,6153.0,6541.0,0.03839843978547046,1
5916.7344,18,2023-05-15,2023-09-18,6294.0,6541.0,0.059940514775977075,1
5916.7344,19,2023-05-15,2023-09-25,6160.0,6541.0,0.03949116883116879,1
5916.7344,20,2023-05-15,2023-10-02,6139.0,6541.0,0.03620550578270072,1
5916.7344,21,2023-05-15,2023-10-09,6234.0,6541.0,0.05089278152069293,1
5916.7344,22,2023-05-15,2023-10-16,6089.0,6541.0,0.028291279356216083,1
5918.1084,23,2023-05-15,2023-10-23,6160.0,6541.0,0.03926811688311687,1
5916.7373,24,2023-05-15,2023-10-30,5975.0,6541.0,0.009751079497907987,1
5918.1084,25,2023-05-15,2023-11-06,5840.0,6541.0,0.013374726027397274,1
5918.1084,26,2023-05-15,2023-11-13,5926.0,6541.0,0.0013316908538643143,1
5918.1055,27,2023-05-15,2023-11-20,5874.0,6541.0,0.007508597208035353,1
5918.174,28,2023-05-15,2023-11-27,5814.0,6541.0,0.017917784657722733,1
5918.791,29,2023-05-15,2023-12-04,5819.0,6541.0,0.017149166523457667,1
5918.791,30,2023-05-15,2023-12-11,5876.0,6541.0,0.007282334921715481,1
5734.908,1,2023-05-22,2023-05-29,6424.0,6338.0,0.10726836861768363,0
5734.91,2,2023-05-22,2023-06-05,6326.0,6338.0,0.09343819159026243,1
5734.91,3,2023-05-22,2023-06-12,6286.0,6338.0,0.08766942411708561,1
5734.91,4,2023-05-22,2023-06-19,6365.0,6338.0,0.09899293008641008,0
5734.91,5,2023-05-22,2023-06-26,6531.0,6338.0,0.12189404379114992,0
5734.91,6,2023-05-22,2023-07-03,6279.0,6338.0,0.08665233317407232,1
5734.91,7,2023-05-22,2023-07-10,6212.0,6338.0,0.07680135222150679,1
5734.91,8,2023-05-22,2023-07-17,6155.0,6338.0,0.06825182778229084,1
5894.557,9,2023-05-22,2023-07-24,6493.0,6338.0,0.09216741105806256,0
5894.557,10,2023-05-22,2023-07-31,6270.0,6338.0,0.059879266347687435,1
5894.557,11,2023-05-22,2023-08-07,6395.0,6338.0,0.07825535574667712,0
5894.544,12,2023-05-22,2023-08-14,6419.0,6338.0,0.08170369216388848,0
5898.541,13,2023-05-22,2023-08-21,6465.0,6338.0,0.08761933488012372,0
5898.536,14,2023-05-22,2023-08-28,6262.0,6338.0,0.05804279782816991,1
5927.4746,15,2023-05-22,2023-09-04,6130.0,6338.0,0.03303840130505717,1
5941.9126,16,2023-05-22,2023-09-11,6153.0,6338.0,0.03430641963269955,1
5941.9126,17,2023-05-22,2023-09-18,6294.0,6338.0,0.05594016523673345,1
5941.9126,18,2023-05-22,2023-09-25,6160.0,6338.0,0.035403798701298755,1
5941.9126,19,2023-05-22,2023-10-02,6139.0,6338.0,0.032104153770972525,1
5941.9126,20,2023-05-22,2023-10-09,6234.0,6338.0,0.0468539300609561,1
5941.9126,21,2023-05-22,2023-10-16,6089.0,6338.0,0.024156248973558933,1
5941.9126,22,2023-05-22,2023-10-23,6160.0,6338.0,0.035403798701298755,1
5941.9126,23,2023-05-22,2023-10-30,5975.0,6338.0,0.005537640167364074,1
5941.9126,24,2023-05-22,2023-11-06,5840.0,6338.0,0.017450787671232818,1
5941.9126,25,2023-05-22,2023-11-13,5926.0,6338.0,0.002685217684778882,1
5941.9126,26,2023-05-22,2023-11-20,5874.0,6338.0,0.011561559414368344,1
5942.0635,27,2023-05-22,2023-11-27,5814.0,6338.0,0.022026745786033745,1
5942.0635,28,2023-05-22,2023-12-04,5819.0,6338.0,0.021148565045540507,1
5942.0635,29,2023-05-22,2023-12-11,5876.0,6338.0,0.011242937372362186,1
5840.776,1,2023-05-29,2023-06-05,6326.0,6424.0,0.07670312993993048,1
5840.776,2,2023-05-29,2023-06-12,6286.0,6424.0,0.07082787146038819,1
5840.7485,3,2023-05-29,2023-06-19,6365.0,6424.0,0.08236472898664576,1
5840.7485,4,2023-05-29,2023-06-26,6531.0,6424.0,0.10568848568366258,0
5840.7485,5,2023-05-29,2023-07-03,6279.0,6424.0,0.0697963847746457,1
5840.7485,6,2023-05-29,2023-07-10,6212.0,6424.0,0.059763602704443065,1
6034.603,7,2023-05-29,2023-07-17,6155.0,6424.0,0.01956084484159219,1
6034.603,8,2023-05-29,2023-07-24,6493.0,6424.0,0.07059864469428614,0
6034.603,9,2023-05-29,2023-07-31,6270.0,6424.0,0.037543381180223274,1
6034.603,10,2023-05-29,2023-08-07,6395.0,6424.0,0.05635605942142298,1
6034.603,11,2023-05-29,2023-08-14,6419.0,6424.0,0.05988424988315936,1
6034.603,12,2023-05-29,2023-08-21,6465.0,6424.0,0.06657339520494972,0
6034.76,13,2023-05-29,2023-08-28,6262.0,6424.0,0.03628872564675819,1
6034.5615,14,2023-05-29,2023-09-04,6130.0,6424.0,0.015569086460032659,1
6034.5615,15,2023-05-29,2023-09-11,6153.0,6424.0,0.01924890297415898,1
6034.14,16,2023-05-29,2023-09-18,6294.0,6424.0,0.041286939942802615,1
6033.966,17,2023-05-29,2023-09-25,6160.0,6424.0,0.02046006493506488,1
6033.966,18,2023-05-29,2023-10-02,6139.0,6424.0,0.017109301189118693,1
6040.8276,19,2023-05-29,2023-10-09,6234.0,6424.0,0.030986910490856653,1
6040.8276,20,2023-05-29,2023-10-16,6089.0,6424.0,0.007911381179175624,1
6040.8276,21,2023-05-29,2023-10-23,6160.0,6424.0,0.019346168831168895,1
6040.8276,22,2023-05-29,2023-10-30,5975.0,6424.0,0.01101717154811709,1
6040.8276,23,2023-05-29,2023-11-06,5840.0,6424.0,0.03438828767123281,1
6040.8276,24,2023-05-29,2023-11-13,5926.0,6424.0,0.019376915288558828,1
6040.8,25,2023-05-29,2023-11-20,5874.0,6424.0,0.028396322778345282,1
6033.761,26,2023-05-29,2023-11-27,5814.0,6424.0,0.037798589611283184,1
6033.761,27,2023-05-29,2023-12-04,5819.0,6424.0,0.03690685684825579,1
6033.761,28,2023-05-29,2023-12-11,5876.0,6424.0,0.026848366235534448,1
5741.1763,1,2023-06-05,2023-06-12,6286.0,6326.0,0.08667255806554246,1
5741.1763,2,2023-06-05,2023-06-19,6365.0,6326.0,0.09800843676355066,0
5741.1763,3,2023-06-05,2023-06-26,6531.0,6326.0,0.12093457357219414,0
5741.112,4,2023-06-05,2023-07-03,6279.0,6326.0,0.08566459627329191,1
5737.934,5,2023-06-05,2023-07-10,6212.0,6326.0,0.07631455247907273,1
5906.9146,6,2023-06-05,2023-07-17,6155.0,6326.0,0.040306320064987806,1
5906.9146,7,2023-06-05,2023-07-24,6493.0,6326.0,0.09026419220699214,0
5907.186,8,2023-06-05,2023-07-31,6270.0,6326.0,0.05786507177033498,1
5906.9146,9,2023-06-05,2023-08-07,6395.0,6326.0,0.07632297107114933,0
5906.9146,10,2023-06-05,2023-08-14,6419.0,6326.0,0.07977650724411901,0
5907.202,11,2023-06-05,2023-08-21,6465.0,6326.0,0.08627965970610979,0
5940.8193,12,2023-06-05,2023-08-28,6262.0,6326.0,0.051290434366017226,1
5940.8193,13,2023-06-05,2023-09-04,6130.0,6326.0,0.030861451876019557,1
5948.603,14,2023-06-05,2023-09-11,6153.0,6326.0,0.03321908012351697,1
5948.603,15,2023-06-05,2023-09-18,6294.0,6326.0,0.054877184620273266,1
5948.603,16,2023-06-05,2023-09-25,6160.0,6326.0,0.034317694805194796,1
5948.598,17,2023-06-05,2023-10-02,6139.0,6326.0,0.031015149047076078,1
5948.598,18,2023-06-05,2023-10-09,6234.0,6326.0,0.04578152069297402,1
5948.342,19,2023-06-05,2023-10-16,6089.0,6326.0,0.0231003448842175,1
5948.342,20,2023-06-05,2023-10-23,6160.0,6326.0,0.03436006493506499,1
5948.342,21,2023-06-05,2023-10-30,5975.0,6326.0,0.004461589958159056,1
5948.342,22,2023-06-05,2023-11-06,5840.0,6326.0,0.018551712328767064,1
5948.342,23,2023-06-05,2023-11-13,5926.0,6326.0,0.003770165372932778,1
5948.341,24,2023-06-05,2023-11-20,5874.0,6326.0,0.012655941436840373,1
5948.341,25,2023-06-05,2023-11-27,5814.0,6326.0,0.023106467148262873,1
5948.341,26,2023-06-05,2023-12-04,5819.0,6326.0,0.022227358652689527,1
5948.3384,27,2023-06-05,2023-12-11,5876.0,6326.0,0.01231082368958469,1
5751.4185,1,2023-06-12,2023-06-19,6365.0,6286.0,0.09639929300864104,0
5751.4185,2,2023-06-12,2023-06-26,6531.0,6286.0,0.11936632981166746,0
5751.426,3,2023-06-12,2023-07-03,6279.0,6286.0,0.08402197802197796,1
5923.4575,4,2023-06-12,2023-07-10,6212.0,6286.0,0.04644921120412099,1
5922.7393,5,2023-06-12,2023-07-17,6155.0,6286.0,0.03773528838342808,1
5922.7393,6,2023-06-12,2023-07-24,6493.0,6286.0,0.08782699830586783,0
5922.7393,7,2023-06-12,2023-07-31,6270.0,6286.0,0.055384481658692156,1
5922.73,8,2023-06-12,2023-08-07,6395.0,6286.0,0.07384988272087575,0
5922.73,9,2023-06-12,2023-08-14,6419.0,6286.0,0.07731266552422503,0
5932.9985,10,2023-06-12,2023-08-21,6465.0,6286.0,0.08228948182521273,0
5933.1396,11,2023-06-12,2023-08-28,6262.0,6286.0,0.05251683168316825,1
5933.1396,12,2023-06-12,2023-09-04,6130.0,6286.0,0.03211425774877644,1
5934.8296,13,2023-06-12,2023-09-11,6153.0,6286.0,0.03545756541524459,1
5934.8296,14,2023-06-12,2023-09-18,6294.0,6286.0,0.05706552272005084,0
5934.8296,15,2023-06-12,2023-09-25,6160.0,6286.0,0.03655363636363636,1
5933.102,16,2023-06-12,2023-10-02,6139.0,6286.0,0.033539338654504015,1
5933.102,17,2023-06-12,2023-10-09,6234.0,6286.0,0.048267244145011254,1
5933.102,18,2023-06-12,2023-10-16,6089.0,6286.0,0.02560321891936281,1
5933.102,19,2023-06-12,2023-10-23,6160.0,6286.0,0.036834090909090934,1
5933.102,20,2023-06-12,2023-10-30,5975.0,6286.0,0.00701221757322178,1
5933.102,21,2023-06-12,2023-11-06,5840.0,6286.0,0.01594212328767121,1
5933.102,22,2023-06-12,2023-11-13,5926.0,6286.0,0.001198447519405984,1
5933.1,23,2023-06-12,2023-11-20,5874.0,6286.0,0.010061287027579224,1
5933.1,24,2023-06-12,2023-11-27,5814.0,6286.0,0.020485036119711104,1
5933.1,25,2023-06-12,2023-12-04,5819.0,6286.0,0.019608180099673547,1
5933.097,26,2023-06-12,2023-12-11,5876.0,6286.0,0.009716984343090495,1
5753.2773,1,2023-06-19,2023-06-26,6531.0,6365.0,0.11908171796049613,0
5753.2773,2,2023-06-19,2023-07-03,6279.0,6365.0,0.08372713807931204,1
5925.5664,3,2023-06-19,2023-07-10,6212.0,6365.0,0.046109723116548665,1
5924.8955,4,2023-06-19,2023-07-17,6155.0,6365.0,0.03738497156783109,1
5924.8955,5,2023-06-19,2023-07-24,6493.0,6365.0,0.08749491760357314,0
5924.8955,6,2023-06-19,2023-07-31,6270.0,6365.0,0.0550405901116428,1
5925.5664,7,2023-06-19,2023-08-07,6395.0,6365.0,0.07340634870992968,0
5925.5664,8,2023-06-19,2023-08-14,6419.0,6365.0,0.07687078984265466,0
5937.8955,9,2023-06-19,2023-08-21,6465.0,6365.0,0.08153201856148498,0
5938.121,10,2023-06-19,2023-08-28,6262.0,6365.0,0.05172133503672947,1
5938.121,11,2023-06-19,2023-09-04,6130.0,6365.0,0.031301631321370295,1
5938.09,12,2023-06-19,2023-09-11,6153.0,6365.0,0.03492767755566388,1
5938.092,13,2023-06-19,2023-09-18,6294.0,6365.0,0.05654718779790282,1
5938.092,14,2023-06-19,2023-09-25,6160.0,6365.0,0.036024025974026035,1
5938.0938,15,2023-06-19,2023-10-02,6139.0,6365.0,0.03272620948037146,1
5938.0938,16,2023-06-19,2023-10-09,6234.0,6365.0,0.04746650625601546,1
5938.0938,17,2023-06-19,2023-10-16,6089.0,6365.0,0.02478341271144693,1
5938.1006,18,2023-06-19,2023-10-23,6160.0,6365.0,0.036022629870129906,1
5936.915,19,2023-06-19,2023-10-30,5975.0,6365.0,0.006374058577405864,1
5936.915,20,2023-06-19,2023-11-06,5840.0,6365.0,0.016595034246575335,1
5936.912,21,2023-06-19,2023-11-13,5926.0,6365.0,0.0018413769827877594,1
5936.912,22,2023-06-19,2023-11-20,5874.0,6365.0,0.010710248552945226,1
5936.912,23,2023-06-19,2023-11-27,5814.0,6365.0,0.02114069487444105,1
5936.914,24,2023-06-19,2023-12-04,5819.0,6365.0,0.020263619178552975,1
5936.914,25,2023-06-19,2023-12-11,5876.0,6365.0,0.010366575901974092,1
5740.2563,1,2023-06-26,2023-07-03,6279.0,6531.0,0.08580087593565855,1
5914.4917,2,2023-06-26,2023-07-10,6212.0,6531.0,0.04789251448808764,1
5914.553,3,2023-06-26,2023-07-17,6155.0,6531.0,0.03906531275385867,1
5914.542,4,2023-06-26,2023-07-24,6493.0,6531.0,0.08908948097951634,1
5914.542,5,2023-06-26,2023-07-31,6270.0,6531.0,0.05669186602870808,1
5914.542,6,2023-06-26,2023-08-07,6395.0,6531.0,0.07513025801407344,1
5925.3447,7,2023-06-26,2023-08-14,6419.0,6531.0,0.07690532793269986,1
5925.6196,8,2023-06-26,2023-08-21,6465.0,6531.0,0.0834308430007734,1
5925.6196,9,2023-06-26,2023-08-28,6262.0,6531.0,0.053717725966145005,1
5925.6196,10,2023-06-26,2023-09-04,6130.0,6531.0,0.03334101141924959,1
5925.6196,11,2023-06-26,2023-09-11,6153.0,6531.0,0.03695439622948155,1
5925.6196,12,2023-06-26,2023-09-18,6294.0,6531.0,0.0585288210994598,1
5925.6226,13,2023-06-26,2023-09-25,6160.0,6531.0,0.03804827922077927,1
5925.6226,14,2023-06-26,2023-10-02,6139.0,6531.0,0.03475768040397464,1
5925.6226,15,2023-06-26,2023-10-09,6234.0,6531.0,0.0494670195700995,1
5925.6226,16,2023-06-26,2023-10-16,6089.0,6531.0,0.026831565117424915,1
5925.6226,17,2023-06-26,2023-10-23,6160.0,6531.0,0.03804827922077927,1
5925.6226,18,2023-06-26,2023-10-30,5975.0,6531.0,0.00826400000000005,1
5925.6226,19,2023-06-26,2023-11-06,5840.0,6531.0,0.014661404109588988,1
5925.5586,20,2023-06-26,2023-11-13,5926.0,6531.0,7.448531893346323e-05,1
5925.5586,21,2023-06-26,2023-11-20,5874.0,6531.0,0.008777425944841726,1
5925.582,22,2023-06-26,2023-11-27,5814.0,6531.0,0.019191950464396344,1
5925.582,23,2023-06-26,2023-12-04,5819.0,6531.0,0.018316205533596894,1
5925.582,24,2023-06-26,2023-12-11,5876.0,6531.0,0.00843805309734519,1
5923.2285,1,2023-07-03,2023-07-10,6212.0,6279.0,0.04648607533805535,1
5923.2285,2,2023-07-03,2023-07-17,6155.0,6279.0,0.037655808285946356,1
5923.2285,3,2023-07-03,2023-07-24,6493.0,6279.0,0.08775165562913904,0
5923.2285,4,2023-07-03,2023-07-31,6270.0,6279.0,0.05530645933014351,1
5923.2285,5,2023-07-03,2023-08-07,6395.0,6279.0,0.07377193119624705,0
5934.202,6,2023-07-03,2023-08-14,6419.0,6279.0,0.07552547125720514,0
5934.6543,7,2023-07-03,2023-08-21,6465.0,6279.0,0.08203336426914151,0
5934.6543,8,2023-07-03,2023-08-28,6262.0,6279.0,0.05227494410731393,1
5934.6343,9,2023-07-03,2023-09-04,6130.0,6279.0,0.03187042414355633,1
5934.6636,10,2023-07-03,2023-09-11,6153.0,6279.0,0.035484544124817184,1
5934.6636,11,2023-07-03,2023-09-18,6294.0,6279.0,0.0570918970448046,0
5934.6343,12,2023-07-03,2023-09-25,6160.0,6279.0,0.036585340909090956,1
5934.6343,13,2023-07-03,2023-10-02,6139.0,6279.0,0.03328973774230335,1
5934.6343,14,2023-07-03,2023-10-09,6234.0,6279.0,0.04802144690407448,1
5934.597,15,2023-07-03,2023-10-16,6089.0,6279.0,0.025357694202660576,1
5934.597,16,2023-07-03,2023-10-23,6160.0,6279.0,0.03659139610389615,1
5934.597,17,2023-07-03,2023-10-30,5975.0,6279.0,0.0067620083682008785,1
5934.597,18,2023-07-03,2023-11-06,5840.0,6279.0,0.01619811643835612,1
5933.7026,19,2023-07-03,2023-11-13,5926.0,6279.0,0.0012997975025311542,1
5933.704,20,2023-07-03,2023-11-20,5874.0,6279.0,0.010164113040517488,1
5933.7207,21,2023-07-03,2023-11-27,5814.0,6279.0,0.02059179566563465,1
5933.7207,22,2023-07-03,2023-12-04,5819.0,6279.0,0.019714847912012348,1
5933.7207,23,2023-07-03,2023-12-11,5876.0,6279.0,0.009823127978216448,1
5912.979,1,2023-07-10,2023-07-17,6155.0,6212.0,0.03932103980503651,1
5912.979,2,2023-07-10,2023-07-24,6493.0,6212.0,0.0893302017557369,0
5912.979,3,2023-07-10,2023-07-31,6270.0,6212.0,0.056941148325358806,0
5930.766,4,2023-07-10,2023-08-07,6395.0,6212.0,0.07259327599687261,0
5930.766,5,2023-07-10,2023-08-14,6419.0,6212.0,0.07606075712727844,0
5930.7705,6,2023-07-10,2023-08-21,6465.0,6212.0,0.08263410672853834,0
5930.7725,7,2023-07-10,2023-08-28,6262.0,6212.0,0.05289484190354519,0
5930.77,8,2023-07-10,2023-09-04,6130.0,6212.0,0.032500815660685085,1
5930.77,9,2023-07-10,2023-09-11,6153.0,6212.0,0.03611734113440591,1
5930.77,10,2023-07-10,2023-09-18,6294.0,6212.0,0.05771051795360654,0
5930.7583,11,2023-07-10,2023-09-25,6160.0,6212.0,0.03721456168831162,1
5930.7583,12,2023-07-10,2023-10-02,6139.0,6212.0,0.03392111093011884,1
5930.7583,13,2023-07-10,2023-10-09,6234.0,6212.0,0.0486431985883862,0
5930.7583,14,2023-07-10,2023-10-16,6089.0,6212.0,0.025988126129085166,1
5930.6924,15,2023-07-10,2023-10-23,6160.0,6212.0,0.03722525974025975,1
5930.7583,16,2023-07-10,2023-10-30,5975.0,6212.0,0.007404468619246792,1
5930.6895,17,2023-07-10,2023-11-06,5840.0,6212.0,0.01552902397260281,1
5930.6895,18,2023-07-10,2023-11-13,5926.0,6212.0,0.0007913432332096536,1
5930.6855,19,2023-07-10,2023-11-20,5874.0,6212.0,0.009650238338440515,1
5930.7026,20,2023-07-10,2023-11-27,5814.0,6212.0,0.020072686618506988,1
5930.7026,21,2023-07-10,2023-12-04,5819.0,6212.0,0.019196184911496755,1
5930.7026,22,2023-07-10,2023-12-11,5876.0,6212.0,0.009309496255956368,1
5900.2856,1,2023-07-17,2023-07-24,6493.0,6155.0,0.09128513784075155,0
5900.2866,2,2023-07-17,2023-07-31,6270.0,6155.0,0.05896545454545449,0
5918.04,3,2023-07-17,2023-08-07,6395.0,6155.0,0.07458326817826427,0
5918.04,4,2023-07-17,2023-08-14,6419.0,6155.0,0.07804330892662409,0
5918.04,5,2023-07-17,2023-08-21,6465.0,6155.0,0.08460324825986079,0
5918.5234,6,2023-07-17,2023-08-28,6262.0,6155.0,0.05485094219099328,0
5918.5234,7,2023-07-17,2023-09-04,6130.0,6155.0,0.03449862969004893,1
5918.5234,8,2023-07-17,2023-09-11,6153.0,6155.0,0.03810768730700471,1
5918.5234,9,2023-07-17,2023-09-18,6294.0,6155.0,0.05965627581823959,0
5918.5234,10,2023-07-17,2023-09-25,6160.0,6155.0,0.039200746753246744,0
5918.5234,11,2023-07-17,2023-10-02,6139.0,6155.0,0.035914090242710535,1
5918.7744,12,2023-07-17,2023-10-09,6234.0,6155.0,0.05056554379210776,0
5918.7744,13,2023-07-17,2023-10-16,6089.0,6155.0,0.027956248973558837,1
5918.094,14,2023-07-17,2023-10-23,6160.0,6155.0,0.03927045454545454,0
5918.094,15,2023-07-17,2023-10-30,5975.0,6155.0,0.009524016736401665,1
5918.094,16,2023-07-17,2023-11-06,5840.0,6155.0,0.01337226027397261,1
5918.421,17,2023-07-17,2023-11-13,5926.0,6155.0,0.0012789402632466629,1
5918.431,18,2023-07-17,2023-11-20,5874.0,6155.0,0.007564010895471499,1
5918.507,19,2023-07-17,2023-11-27,5814.0,6155.0,0.017975060199518337,1
5918.507,20,2023-07-17,2023-12-04,5819.0,6155.0,0.017100360886750234,1
6124.135,21,2023-07-17,2023-12-11,5876.0,6155.0,0.04222855684138874,1
5918.78,1,2023-07-24,2023-07-31,6270.0,6493.0,0.05601594896331742,1
6031.133,2,2023-07-24,2023-08-07,6395.0,6493.0,0.056898670836591114,1
6031.133,3,2023-07-24,2023-08-14,6419.0,6493.0,0.06042483252843125,1
6031.142,4,2023-07-24,2023-08-21,6465.0,6493.0,0.06710873936581596,1
6031.471,5,2023-07-24,2023-08-28,6262.0,6493.0,0.036813957202171906,1
6031.471,6,2023-07-24,2023-09-04,6130.0,6493.0,0.016073246329526992,1
6031.471,7,2023-07-24,2023-09-11,6153.0,6493.0,0.01975117828701454,1
6031.471,8,2023-07-24,2023-09-18,6294.0,6493.0,0.04171099459802994,1
6031.471,9,2023-07-24,2023-09-25,6160.0,6493.0,0.020865097402597475,1
6031.644,10,2023-07-24,2023-10-02,6139.0,6493.0,0.017487538687082547,1
6031.639,11,2023-07-24,2023-10-09,6234.0,6493.0,0.03246085980109077,1
6031.639,12,2023-07-24,2023-10-16,6089.0,6493.0,0.009420430284118883,1
6031.639,13,2023-07-24,2023-10-23,6160.0,6493.0,0.020837824675324655,1
6031.349,14,2023-07-24,2023-10-30,5975.0,6493.0,0.009430794979079525,1
6031.349,15,2023-07-24,2023-11-06,5840.0,6493.0,0.03276523972602743,1
6031.349,16,2023-07-24,2023-11-13,5926.0,6493.0,0.017777421532230876,1
6031.3564,17,2023-07-24,2023-11-20,5874.0,6493.0,0.026788627851549143,1
6031.374,18,2023-07-24,2023-11-27,5814.0,6493.0,0.037388028895768796,1
6236.2793,19,2023-07-24,2023-12-04,5819.0,6493.0,0.0717097954975082,1
6236.2793,20,2023-07-24,2023-12-11,5876.0,6493.0,0.06131369979577947,1
6009.5186,1,2023-07-31,2023-08-07,6395.0,6270.0,0.060278561376075006,0
6009.5186,2,2023-07-31,2023-08-14,6419.0,6270.0,0.06379208599470318,0
6009.5186,3,2023-07-31,2023-08-21,6465.0,6270.0,0.07045342614075788,0
6009.5186,4,2023-07-31,2023-08-28,6262.0,6270.0,0.040319610348131536,1
6009.5186,5,2023-07-31,2023-09-04,6130.0,6270.0,0.01965438825448608,1
6009.5186,6,2023-07-31,2023-09-11,6153.0,6270.0,0.023318933853404788,1
6009.5176,7,2023-07-31,2023-09-18,6294.0,6270.0,0.04519898315856369,0
6009.5176,8,2023-07-31,2023-09-25,6160.0,6270.0,0.024428961038961017,1
6007.5107,9,2023-07-31,2023-10-02,6139.0,6270.0,0.021418683824727183,1
6007.482,10,2023-07-31,2023-10-09,6234.0,6270.0,0.03633589990375361,1
6007.482,11,2023-07-31,2023-10-16,6089.0,6270.0,0.013387748398751852,1
6007.482,12,2023-07-31,2023-10-23,6160.0,6270.0,0.02475941558441559,1
6007.482,13,2023-07-31,2023-10-30,5975.0,6270.0,0.0054363179916317944,1
6007.482,14,2023-07-31,2023-11-06,5840.0,6270.0,0.028678424657534243,1
6007.4873,15,2023-07-31,2023-11-13,5926.0,6270.0,0.01375080998987509,1
6007.4873,16,2023-07-31,2023-11-20,5874.0,6270.0,0.02272511065713309,1
6007.5195,17,2023-07-31,2023-11-27,5814.0,6270.0,0.033285087719298306,1
6187.5654,18,2023-07-31,2023-12-04,5819.0,6270.0,0.0633382711806153,1
6187.6035,19,2023-07-31,2023-12-11,5876.0,6270.0,0.0530298672566372,1
6016.569,1,2023-08-07,2023-08-14,6419.0,6395.0,0.0626937217635145,0
6016.6987,2,2023-08-07,2023-08-21,6465.0,6395.0,0.06934281515854603,0
6016.6987,3,2023-08-07,2023-08-28,6262.0,6395.0,0.03917299584797191,1
6016.6987,4,2023-08-07,2023-09-04,6130.0,6395.0,0.0184830831973899,1
6016.7017,5,2023-08-07,2023-09-11,6153.0,6395.0,0.022151519583942854,1
6016.7017,6,2023-08-07,2023-09-18,6294.0,6395.0,0.044057562758182456,1
6016.7017,7,2023-08-07,2023-09-25,6160.0,6395.0,0.0232627110389611,1
6016.615,8,2023-08-07,2023-10-02,6139.0,6395.0,0.01993565727317156,1
6016.615,9,2023-08-07,2023-10-09,6234.0,6395.0,0.0348708694257299,1
6016.615,10,2023-08-07,2023-10-16,6089.0,6395.0,0.01188783051404175,1
6016.615,11,2023-08-07,2023-10-23,6160.0,6395.0,0.02327678571428575,1
6016.033,12,2023-08-07,2023-10-30,5975.0,6395.0,0.00686744769874483,1
6016.033,13,2023-08-07,2023-11-06,5840.0,6395.0,0.03014263698630143,1
6016.033,14,2023-08-07,2023-11-13,5926.0,6395.0,0.015192878839014573,1
6016.068,15,2023-08-07,2023-11-20,5874.0,6395.0,0.024185903983656828,1
6016.0596,16,2023-08-07,2023-11-27,5814.0,6395.0,0.03475397316821458,1
6196.4775,17,2023-08-07,2023-12-04,5819.0,6395.0,0.06486982299364151,1
6196.4775,18,2023-08-07,2023-12-11,5876.0,6395.0,0.05454007828454731,1
6016.1543,1,2023-08-14,2023-08-21,6465.0,6419.0,0.06942702242846092,0
6016.1543,2,2023-08-14,2023-08-28,6262.0,6419.0,0.039259932928776727,1
6016.1123,3,2023-08-14,2023-09-04,6130.0,6419.0,0.018578743882544897,1
6016.1475,4,2023-08-14,2023-09-11,6153.0,6419.0,0.02224158946855192,1
6016.1475,5,2023-08-14,2023-09-18,6294.0,6419.0,0.044145614871306,1
6016.1123,6,2023-08-14,2023-09-25,6160.0,6419.0,0.023358392857142894,1
6016.1123,7,2023-08-14,2023-10-02,6139.0,6419.0,0.020017543573872,1
6016.1123,8,2023-08-14,2023-10-09,6234.0,6419.0,0.034951507860121946,1
6016.1123,9,2023-08-14,2023-10-16,6089.0,6419.0,0.011970389226474006,1
6016.1123,10,2023-08-14,2023-10-23,6160.0,6419.0,0.023358392857142894,1
6016.1143,11,2023-08-14,2023-10-30,5975.0,6419.0,0.00688105439330547,1
6016.137,12,2023-08-14,2023-11-06,5840.0,6419.0,0.030160445205479402,1
6016.137,13,2023-08-14,2023-11-13,5926.0,6419.0,0.015210428619642207,1
6016.139,14,2023-08-14,2023-11-20,5874.0,6419.0,0.02419799114742937,1
6186.489,15,2023-08-14,2023-11-27,5814.0,6419.0,0.06406759545923625,1
6186.489,16,2023-08-14,2023-12-04,5819.0,6419.0,0.063153290943461,1
6186.472,17,2023-08-14,2023-12-11,5876.0,6419.0,0.05283730428863168,1
5994.428,1,2023-08-21,2023-08-28,6262.0,6465.0,0.04272947939955288,1
5994.3975,2,2023-08-21,2023-09-04,6130.0,6465.0,0.022121125611745507,1
5994.3984,3,2023-08-21,2023-09-11,6153.0,6465.0,0.025776304241833244,1
5994.3984,4,2023-08-21,2023-09-18,6294.0,6465.0,0.04760114394661582,1
5994.3975,5,2023-08-21,2023-09-25,6160.0,6465.0,0.02688352272727272,1
5994.3975,6,2023-08-21,2023-10-02,6139.0,6465.0,0.023554732041049024,1
5994.3975,7,2023-08-21,2023-10-09,6234.0,6465.0,0.03843479307025986,1
5994.3975,8,2023-08-21,2023-10-16,6089.0,6465.0,0.015536623419280663,1
5994.3975,9,2023-08-21,2023-10-23,6160.0,6465.0,0.02688352272727272,1
5994.4272,10,2023-08-21,2023-10-30,5975.0,6465.0,0.0032514142259414368,1
5994.4272,11,2023-08-21,2023-11-06,5840.0,6465.0,0.02644301369863015,1
5994.4272,12,2023-08-21,2023-11-13,5926.0,6465.0,0.011546945663179225,1
5994.4795,13,2023-08-21,2023-11-20,5874.0,6465.0,0.02051064010895478,1
6179.118,14,2023-08-21,2023-11-27,5814.0,6465.0,0.06279979360165125,1
6179.118,15,2023-08-21,2023-12-04,5819.0,6465.0,0.06188657844990555,1
6179.118,16,2023-08-21,2023-12-11,5876.0,6465.0,0.05158577263444527,1
5971.661,1,2023-08-28,2023-09-04,6130.0,6262.0,0.025830179445350723,1
5971.661,2,2023-08-28,2023-09-11,6153.0,6262.0,0.02947163985047943,1
5971.666,3,2023-08-28,2023-09-18,6294.0,6262.0,0.051212901175722886,0
5971.66,4,2023-08-28,2023-09-25,6160.0,6262.0,0.030574675324675348,1
5971.66,5,2023-08-28,2023-10-02,6139.0,6262.0,0.027258511158169105,1
5971.66,6,2023-08-28,2023-10-09,6234.0,6262.0,0.042082130253448854,1
5971.671,7,2023-08-28,2023-10-16,6089.0,6262.0,0.01926900968960416,1
5971.671,8,2023-08-28,2023-10-23,6160.0,6262.0,0.030572889610389564,1
5971.671,9,2023-08-28,2023-10-30,5975.0,6262.0,0.0005571548117154349,1
5971.671,10,2023-08-28,2023-11-06,5840.0,6262.0,0.022546404109589087,1
5971.6733,11,2023-08-28,2023-11-13,5926.0,6262.0,0.007707273034087138,1
6187.981,12,2023-08-28,2023-11-20,5874.0,6262.0,0.05345267279536939,1
6187.9854,13,2023-08-28,2023-11-27,5814.0,6262.0,0.06432497420020633,1
6187.9824,14,2023-08-28,2023-12-04,5819.0,6262.0,0.06340993297817492,1
6193.5503,15,2023-08-28,2023-12-11,5876.0,6262.0,0.05404191626957112,1
6006.633,1,2023-09-04,2023-09-11,6153.0,6130.0,0.023787908337396423,0
6006.633,2,2023-09-04,2023-09-18,6294.0,6130.0,0.04565729265967591,0
6006.633,3,2023-09-04,2023-09-25,6160.0,6130.0,0.02489724025974029,0
6006.578,4,2023-09-04,2023-10-02,6139.0,6130.0,0.021570614106531938,0
6006.4834,5,2023-09-04,2023-10-09,6234.0,6130.0,0.03649608598010907,0
6006.4834,6,2023-09-04,2023-10-16,6089.0,6130.0,0.013551749055674155,1
6006.4834,7,2023-09-04,2023-10-23,6160.0,6130.0,0.02492152597402596,0
6006.4834,8,2023-09-04,2023-10-30,5975.0,6130.0,0.005269188284518841,1
6006.4834,9,2023-09-04,2023-11-06,5840.0,6130.0,0.028507431506849326,1
6006.4834,10,2023-09-04,2023-11-13,5926.0,6130.0,0.013581403982450231,1
6186.291,11,2023-09-04,2023-11-20,5874.0,6130.0,0.05316496424923394,0
6186.427,12,2023-09-04,2023-11-27,5814.0,6130.0,0.06405693154454759,0
6186.427,13,2023-09-04,2023-12-04,5819.0,6130.0,0.06314263619178548,0
6186.056,14,2023-09-04,2023-12-11,5876.0,6130.0,0.05276650782845466,0
5955.5415,1,2023-09-11,2023-09-18,6294.0,6153.0,0.05377478551000949,0
5955.5415,2,2023-09-11,2023-09-25,6160.0,6153.0,0.03319131493506489,0
5955.5425,3,2023-09-11,2023-10-02,6139.0,6153.0,0.02988393875223985,1
5955.5425,4,2023-09-11,2023-10-09,6234.0,6153.0,0.044667548925248705,0
5955.5425,5,2023-09-11,2023-10-16,6089.0,6153.0,0.02191780259484323,1
5955.5425,6,2023-09-11,2023-10-23,6160.0,6153.0,0.03319115259740267,0
5955.5425,7,2023-09-11,2023-10-30,5975.0,6153.0,0.0032564853556486086,1
5955.5425,8,2023-09-11,2023-11-06,5840.0,6153.0,0.01978467465753417,1
5955.5366,9,2023-09-11,2023-11-13,5926.0,6153.0,0.004984238947013223,1
6146.085,10,2023-09-11,2023-11-20,5874.0,6153.0,0.04632022471910113,1
6146.085,11,2023-09-11,2023-11-27,5814.0,6153.0,0.05711816305469557,1
6146.085,12,2023-09-11,2023-12-04,5819.0,6153.0,0.056209829867674865,1
6151.0503,13,2023-09-11,2023-12-11,5876.0,6153.0,0.04680910483321986,1
5924.8306,1,2023-09-18,2023-09-25,6160.0,6294.0,0.03817685064935061,1
5924.8306,2,2023-09-18,2023-10-02,6139.0,6294.0,0.03488669164359012,1
5924.8364,3,2023-09-18,2023-10-09,6234.0,6294.0,0.04959313442412574,1
5924.8364,4,2023-09-18,2023-10-16,6089.0,6294.0,0.02696068319921167,1
5925.1157,5,2023-09-18,2023-10-23,6160.0,6294.0,0.038130568181818134,1
5925.1157,6,2023-09-18,2023-10-30,5975.0,6294.0,0.008348836820083633,1
5925.1157,7,2023-09-18,2023-11-06,5840.0,6294.0,0.014574606164383611,1
5925.1157,8,2023-09-18,2023-11-13,5926.0,6294.0,0.0001492237597029551,1
6134.078,9,2023-09-18,2023-11-20,5874.0,6294.0,0.044276132107592854,1
6134.0864,10,2023-09-18,2023-11-27,5814.0,6294.0,0.055054420364637105,1
6134.0864,11,2023-09-18,2023-12-04,5819.0,6294.0,0.05414786045712324,1
6137.5605,12,2023-09-18,2023-12-11,5876.0,6294.0,0.04451335942818237,1
5935.2056,1,2023-09-25,2023-10-02,6139.0,6160.0,0.033196676983221984,1
5935.146,2,2023-09-25,2023-10-09,6234.0,6160.0,0.047939364773821026,0
5935.594,3,2023-09-25,2023-10-16,6089.0,6160.0,0.025193956314665783,1
5935.594,4,2023-09-25,2023-10-23,6160.0,6160.0,0.036429545454545444,1
5935.594,5,2023-09-25,2023-10-30,5975.0,6160.0,0.006595146443514636,1
5935.594,6,2023-09-25,2023-11-06,5840.0,6160.0,0.016368835616438364,1
5935.594,7,2023-09-25,2023-11-13,5926.0,6160.0,0.0016189672629092222,1
6145.853,8,2023-09-25,2023-11-20,5874.0,6160.0,0.04628072863466123,1
6145.8706,9,2023-09-25,2023-11-27,5814.0,6160.0,0.057081286549707635,1
6145.8706,10,2023-09-25,2023-12-04,5819.0,6160.0,0.05617298504897752,1
6145.8706,11,2023-09-25,2023-12-11,5876.0,6160.0,0.04592760381211712,1
5945.613,1,2023-10-02,2023-10-09,6234.0,6139.0,0.04626034648700669,0
5945.613,2,2023-10-02,2023-10-16,6089.0,6139.0,0.023548530136311335,1
5945.613,3,2023-10-02,2023-10-23,6160.0,6139.0,0.03480308441558437,0
5945.613,4,2023-10-02,2023-10-30,5975.0,6139.0,0.004918326359832589,1
5945.613,5,2023-10-02,2023-11-06,5840.0,6139.0,0.018084417808219226,1
6142.6206,6,2023-10-02,2023-11-13,5926.0,6139.0,0.03655426932163351,0
6142.6206,7,2023-10-02,2023-11-20,5874.0,6139.0,0.04573043922369768,0
6142.606,8,2023-10-02,2023-11-27,5814.0,6139.0,0.05651977984176123,0
6147.865,9,2023-10-02,2023-12-04,5819.0,6139.0,0.056515724351263064,0
6147.865,10,2023-10-02,2023-12-11,5876.0,6139.0,0.0462670183798502,0
5949.086,1,2023-10-09,2023-10-16,6089.0,6234.0,0.022978157332895346,1
5949.086,2,2023-10-09,2023-10-23,6160.0,6234.0,0.034239285714285674,1
5949.086,3,2023-10-09,2023-10-30,5975.0,6234.0,0.004337071129707073,1
5949.086,4,2023-10-09,2023-11-06,5840.0,6234.0,0.018679109589041138,1
6140.485,5,2023-10-09,2023-11-13,5926.0,6234.0,0.03619389132635836,1
6140.485,6,2023-10-09,2023-11-20,5874.0,6234.0,0.045366870956758544,1
6140.4854,7,2023-10-09,2023-11-27,5814.0,6234.0,0.05615503955968345,1
6145.7036,8,2023-10-09,2023-12-04,5819.0,6234.0,0.05614428595978688,1
6145.7036,9,2023-10-09,2023-12-11,5876.0,6234.0,0.04589918311776716,1
5932.3687,1,2023-10-16,2023-10-23,6160.0,6089.0,0.03695313311688312,0
5932.457,2,2023-10-16,2023-10-30,5975.0,6089.0,0.007120167364016681,1
5932.457,3,2023-10-16,2023-11-06,5840.0,6089.0,0.01583167808219184,1
6120.912,4,2023-10-16,2023-11-13,5926.0,6089.0,0.03289098886263926,0
6120.912,5,2023-10-16,2023-11-20,5874.0,6089.0,0.04203472931562824,0
6134.6333,6,2023-10-16,2023-11-27,5814.0,6089.0,0.055148486412108774,0
6134.6333,7,2023-10-16,2023-12-04,5819.0,6089.0,0.05424184567795161,0
6134.6333,8,2023-10-16,2023-12-11,5876.0,6089.0,0.044015197413206336,0
5958.811,1,2023-10-23,2023-10-30,5975.0,6160.0,0.0027094560669456576,1
5958.8105,2,2023-10-23,2023-11-06,5840.0,6160.0,0.02034426369863007,1
6118.7974,3,2023-10-23,2023-11-13,5926.0,6160.0,0.0325341545730679,1
6118.796,4,2023-10-23,2023-11-20,5874.0,6160.0,0.04167449778685738,1
6129.0244,5,2023-10-23,2023-11-27,5814.0,6160.0,0.0541837633298934,1
6126.3604,6,2023-10-23,2023-12-04,5819.0,6160.0,0.052820140917683375,1
6126.3604,7,2023-10-23,2023-12-11,5876.0,6160.0,0.04260728386657583,1
5981.9966,1,2023-10-30,2023-11-06,5840.0,5975.0,0.024314486301369932,0
6118.255,2,2023-10-30,2023-11-13,5926.0,5975.0,0.032442625717178555,0
6118.255,3,2023-10-30,2023-11-20,5874.0,5975.0,0.04158239700374534,0
6126.6416,4,2023-10-30,2023-11-27,5814.0,5975.0,0.05377392500859992,0
6128.9946,5,2023-10-30,2023-12-04,5819.0,5975.0,0.05327283038322736,0
6128.9946,6,2023-10-30,2023-12-11,5876.0,5975.0,0.043055582028590875,0
6114.0254,1,2023-11-06,2023-11-13,5926.0,5840.0,0.03172888963887959,1
6114.0254,2,2023-11-06,2023-11-20,5874.0,5840.0,0.04086234252638755,1
6114.0264,3,2023-11-06,2023-11-27,5814.0,5840.0,0.05160412796697622,0
6114.0264,4,2023-11-06,2023-12-04,5819.0,5840.0,0.05070053273758373,0
6114.0264,5,2023-11-06,2023-12-11,5876.0,5840.0,0.04050823689584747,1
6081.0464,1,2023-11-13,2023-11-20,5874.0,5926.0,0.0352479400749064,0
6081.0464,2,2023-11-13,2023-11-27,5814.0,5926.0,0.04593161334709325,0
6127.5166,3,2023-11-13,2023-12-04,5819.0,5926.0,0.05301883485134901,0
6127.5166,4,2023-11-13,2023-12-11,5876.0,5926.0,0.042804050374404344,0
6080.06,1,2023-11-20,2023-11-27,5814.0,5874.0,0.04576195390436883,0
6127.6157,2,2023-11-20,2023-12-04,5819.0,5874.0,0.0530358652689466,0
6127.6157,3,2023-11-20,2023-12-11,5876.0,5874.0,0.042820915588835995,1
6096.067,1,2023-11-27,2023-12-04,5819.0,5814.0,0.04761419487884516,1
6132.8657,2,2023-11-27,2023-12-11,5876.0,5814.0,0.0437143805309735,1
6101.2964,1,2023-12-04,2023-12-11,5876.0,5819.0,0.038341797140912216,1
