Date,Price,volume,open_price,Year,USDZAR Curncy,W 1 Comdty,W 2 Comdty,WZ1 Comdty,YW1 Comdty,year_month,max_temp,precipitation,avg_temp,min_temp,active_flag,day
2015-05-07,3844,199.0,3845.0,2015,12.0379,465.75,472.75,2631.0,2359.0,201505,72.3207,0.5341665,59.485,46.63575,0,Thursday
2015-05-14,3825,138.0,3845.0,2015,11.7867,501.75,514.25,2770.0,2396.0,201505,72.3207,0.5341665,59.485,46.63575,0,Thursday
2015-05-21,3810,199.0,3805.0,2015,11.8246,522.0,529.5,2801.0,2429.0,201505,72.3207,0.5341665,59.485,46.63575,0,Thursday
2015-05-28,3815,298.0,3820.0,2015,12.1367,488.75,494.5,2713.0,2389.0,201505,72.3207,0.5341665,59.485,46.63575,0,Thursday
2015-06-04,3839,128.0,3839.0,2015,12.3815,523.75,529.25,2740.0,2418.0,201506,63.05725,2.1875,51.9028,40.727,0,Thursday
2015-06-11,3846,122.0,3815.0,2015,12.3577,504.25,511.5,2864.0,2500.0,201506,63.05725,2.1875,51.9028,40.727,0,Thursday
2015-06-18,3847,905.0,3858.0,2015,12.2469,488.0,493.25,2994.0,2588.0,201506,63.05725,2.1875,51.9028,40.727,0,Thursday
2015-06-25,3822,566.0,3835.0,2015,12.1102,532.0,538.0,3006.0,2567.0,201506,63.05725,2.1875,51.9028,40.727,0,Thursday
2015-07-02,3815,428.0,3785.0,2015,12.2492,585.75,590.5,3009.0,2658.0,201507,62.4922,1.8325,51.78335,41.06535,0,Thursday
2015-07-09,3875,200.0,3880.0,2015,12.5108,572.25,578.0,3250.0,2859.0,201507,62.4922,1.8325,51.78335,41.06535,0,Thursday
2015-07-16,3890,338.0,3900.0,2015,12.3899,562.25,571.0,3197.0,2806.0,201507,62.4922,1.8325,51.78335,41.06535,0,Thursday
2015-07-23,3890,53.0,3865.0,2015,12.4512,521.5,528.75,3090.0,2721.0,201507,62.4922,1.8325,51.78335,41.06535,0,Thursday
2015-07-30,3992,2448.0,3938.0,2015,12.6996,496.5,504.25,3201.0,2713.0,201507,62.4922,1.8325,51.78335,41.06535,0,Thursday
2015-08-06,4047,610.0,4040.0,2015,12.7163,507.0,511.25,3149.0,2688.0,201508,70.00540000000001,0.8999999999999999,57.2852,44.55515,0,Thursday
2015-08-13,4024,349.0,4015.0,2015,12.8107,503.25,509.0,3027.0,2653.0,201508,70.00540000000001,0.8999999999999999,57.2852,44.55515,0,Thursday
2015-08-20,4101,1478.0,4089.0,2015,12.9352,506.25,511.25,3041.0,2722.0,201508,70.00540000000001,0.8999999999999999,57.2852,44.55515,0,Thursday
2015-08-27,4137,366.0,4135.0,2015,13.1397,484.25,489.75,3019.0,2750.0,201508,70.00540000000001,0.8999999999999999,57.2852,44.55515,0,Thursday
2015-09-03,4177,785.0,4160.0,2015,13.5655,456.5,465.25,3084.0,2801.0,201509,72.96164999999999,1.4025,61.19525,49.4125,0,Thursday
2015-09-10,4190,382.0,4180.0,2015,13.6298,468.0,478.0,3103.0,2856.0,201509,72.96164999999999,1.4025,61.19525,49.4125,0,Thursday
2015-09-17,4077,775.0,4060.0,2015,13.3525,481.5,488.5,3110.0,2850.0,201509,72.96164999999999,1.4025,61.19525,49.4125,0,Thursday
2015-10-01,4130,595.0,4123.0,2015,13.9221,518.25,524.25,3176.0,2931.0,201510,79.6812,0.964167,67.0968,54.4973,0,Thursday
2015-10-08,4153,280.0,4120.0,2015,13.3092,511.5,519.0,3289.0,2918.0,201510,79.6812,0.964167,67.0968,54.4973,0,Thursday
2015-10-15,4181,863.0,4188.0,2015,13.0471,502.5,510.5,3166.0,2836.0,201510,79.6812,0.964167,67.0968,54.4973,0,Thursday
2015-10-22,4283,3020.0,4240.0,2015,13.399,490.75,497.0,3169.0,2885.0,201510,79.6812,0.964167,67.0968,54.4973,0,Thursday
2015-10-29,4323,996.0,4315.0,2015,13.8959,515.0,519.5,3024.0,2905.0,201510,79.6812,0.964167,67.0968,54.4973,0,Thursday
2015-11-05,4384,1303.0,4370.0,2015,13.8917,526.25,527.0,3319.0,3020.0,201511,78.94555,1.5133335,66.4661,53.9725,0,Thursday
2015-11-12,4456,1527.0,4420.0,2015,14.3104,498.0,500.25,3114.0,2922.0,201511,78.94555,1.5133335,66.4661,53.9725,0,Thursday
2015-11-19,4449,2426.0,4465.0,2015,14.029,490.75,492.25,3241.0,3205.0,201511,78.94555,1.5133335,66.4661,53.9725,0,Thursday
2015-11-26,4502,4072.0,4495.0,2015,14.2882,,,3299.0,3275.0,201511,78.94555,1.5133335,66.4661,53.9725,0,Thursday
2015-12-03,4529,633.0,4548.0,2015,14.3616,464.75,478.75,3555.0,3440.0,201512,85.73525,1.2983335,73.6113,61.47285,0,Thursday
2015-12-10,4632,450.0,4633.0,2015,15.4676,484.5,495.5,3950.0,3465.0,201512,85.73525,1.2983335,73.6113,61.47285,0,Thursday
2015-12-17,4548,440.0,4540.0,2015,15.2304,484.0,491.0,4115.0,3460.0,201512,85.73525,1.2983335,73.6113,61.47285,0,Thursday
2016-05-05,4560,213.0,4500.0,2016,14.9708,453.0,463.25,4710.0,3207.0,201605,68.9519,1.1949999999999998,58.1836,47.40915,0,Thursday
2016-05-12,4695,128.0,4690.0,2016,14.9987,458.5,468.0,4844.0,3319.0,201605,68.9519,1.1949999999999998,58.1836,47.40915,0,Thursday
2016-05-19,4810,107.0,4845.0,2016,15.811,468.75,479.5,5036.0,3612.0,201605,68.9519,1.1949999999999998,58.1836,47.40915,0,Thursday
2016-05-26,4800,145.0,4800.0,2016,15.5179,481.25,491.75,5041.0,3702.0,201605,68.9519,1.1949999999999998,58.1836,47.40915,0,Thursday
2016-06-02,4835,62.0,4840.0,2016,15.5773,485.5,496.25,4818.0,3785.0,201606,64.7989,1.206667,53.7778,42.7453,0,Thursday
2016-06-09,4631,158.0,4645.0,2016,14.8041,510.25,521.5,4783.0,3692.0,201606,64.7989,1.206667,53.7778,42.7453,0,Thursday
2016-06-23,4646,518.0,4650.0,2016,14.4161,454.25,465.75,4638.0,3476.0,201606,64.7989,1.206667,53.7778,42.7453,0,Thursday
2016-06-30,4778,222.0,4799.0,2016,14.7266,431.25,445.5,4640.0,3476.0,201606,64.7989,1.206667,53.7778,42.7453,0,Thursday
2016-07-07,4569,812.0,4574.8,2016,14.7603,412.0,425.5,4698.0,3338.0,201607,63.06965,2.2833335,51.7987,40.5124,0,Thursday
2016-07-14,4570,171.0,4580.0,2016,14.2249,421.75,434.0,4591.0,3391.0,201607,63.06965,2.2833335,51.7987,40.5124,0,Thursday
2016-07-21,4500,520.0,4570.4,2016,14.2309,417.75,441.25,4390.0,3252.0,201607,63.06965,2.2833335,51.7987,40.5124,0,Thursday
2016-07-28,4348,509.0,4315.0,2016,14.1455,410.25,437.25,4307.0,3304.0,201607,63.06965,2.2833335,51.7987,40.5124,0,Thursday
2016-08-04,4250,302.0,4250.0,2016,13.7059,403.25,430.5,4091.0,3196.0,201608,69.16855,1.3575000000000002,56.1556,43.13065,0,Thursday
2016-08-11,4070,223.0,4100.0,2016,13.402,416.25,437.0,3924.0,3003.0,201608,69.16855,1.3575000000000002,56.1556,43.13065,0,Thursday
2016-08-18,4175,541.0,4140.0,2016,13.3749,427.0,444.25,4266.0,3156.0,201608,69.16855,1.3575000000000002,56.1556,43.13065,0,Thursday
2016-08-25,4215,924.0,4250.4,2016,14.2113,401.25,423.75,4231.0,3160.0,201608,69.16855,1.3575000000000002,56.1556,43.13065,0,Thursday
2016-09-01,4120,1695.0,4160.0,2016,14.5985,368.25,394.75,4096.0,3187.0,201609,71.82445,1.259167,59.5842,47.3372,0,Thursday
2016-09-08,4052,764.0,3997.0,2016,14.1337,377.0,406.0,4075.0,3188.0,201609,71.82445,1.259167,59.5842,47.3372,0,Thursday
2016-09-15,4036,795.0,4110.8,2016,14.2483,399.5,422.25,3973.0,3192.0,201609,71.82445,1.259167,59.5842,47.3372,0,Thursday
2016-09-22,4105,1442.0,3947.2,2016,13.6471,405.5,428.25,3845.0,3086.0,201609,71.82445,1.259167,59.5842,47.3372,0,Thursday
2016-09-29,4142,579.0,4160.0,2016,13.8938,399.0,421.75,3635.0,3068.0,201609,71.82445,1.259167,59.5842,47.3372,0,Thursday
2016-10-06,4120,951.0,4125.0,2016,13.8844,395.75,417.0,3480.0,3079.0,201610,76.0621,1.2383335,63.70270000000001,51.3301,0,Thursday
2016-10-13,4165,502.0,4149.0,2016,14.2517,416.0,434.75,3520.0,3175.0,201610,76.0621,1.2383335,63.70270000000001,51.3301,0,Thursday
2016-10-20,4080,740.0,4100.0,2016,13.9517,417.0,437.5,3592.0,3256.0,201610,76.0621,1.2383335,63.70270000000001,51.3301,0,Thursday
2016-10-27,4080,1883.0,4110.0,2016,13.8743,414.5,433.5,3815.0,3271.0,201610,76.0621,1.2383335,63.70270000000001,51.3301,0,Thursday
2016-11-03,3935,1739.0,3931.6,2016,13.4649,412.0,429.75,3512.0,3122.0,201611,78.23695,2.8475,67.7228,57.19585,0,Thursday
2016-11-10,3913,1167.0,3930.0,2016,14.1217,404.75,422.75,3635.0,3114.0,201611,78.23695,2.8475,67.7228,57.19585,0,Thursday
2016-11-17,3975,1086.0,4007.0,2016,14.4242,403.0,420.0,3853.0,3198.0,201611,78.23695,2.8475,67.7228,57.19585,0,Thursday
2016-11-24,3955,2319.0,3976.0,2016,14.1494,,,4130.0,3335.0,201611,78.23695,2.8475,67.7228,57.19585,0,Thursday
2016-12-01,3910,1306.0,3900.0,2016,14.1066,371.5,395.5,3976.0,3190.0,201612,82.7952,1.965,71.63740000000001,60.46615,0,Thursday
2016-12-08,3874,566.0,3860.0,2016,13.6558,390.75,408.25,3935.0,3183.0,201612,82.7952,1.965,71.63740000000001,60.46615,0,Thursday
2016-12-15,3944,571.0,3932.0,2016,13.9695,409.25,421.25,4142.0,3332.0,201612,82.7952,1.965,71.63740000000001,60.46615,0,Thursday
2016-12-22,3949,216.0,3945.0,2016,14.0407,397.0,410.0,3957.0,3332.0,201612,82.7952,1.965,71.63740000000001,60.46615,0,Thursday
2017-05-04,4200,578.0,4220.0,2017,13.6563,426.0,437.75,1940.0,2037.0,201705,70.51480000000001,0.980833,58.55295,46.5769,0,Thursday
2017-05-11,4186,28.0,4190.0,2017,13.3689,426.0,433.75,1873.0,1973.0,201705,70.51480000000001,0.980833,58.55295,46.5769,0,Thursday
2017-05-18,4230,171.0,4230.0,2017,13.403,425.75,439.75,1830.0,1929.0,201705,70.51480000000001,0.980833,58.55295,46.5769,0,Thursday
2017-05-25,4180,114.0,4190.0,2017,12.9307,430.75,444.25,1781.0,1918.0,201705,70.51480000000001,0.980833,58.55295,46.5769,0,Thursday
2017-06-01,4198,87.0,4195.0,2017,12.8941,429.0,443.5,1773.0,1907.0,201706,65.5025,1.24,53.1264,40.735,0,Thursday
2017-06-08,4185,208.0,4195.0,2017,12.9175,449.25,463.25,1809.0,1937.0,201706,65.5025,1.24,53.1264,40.735,0,Thursday
2017-06-15,4198,243.0,4192.0,2017,12.8799,453.75,469.0,1753.0,1877.0,201706,65.5025,1.24,53.1264,40.735,0,Thursday
2017-06-22,4177,207.0,4145.0,2017,12.9664,461.25,475.25,1734.0,1876.0,201706,65.5025,1.24,53.1264,40.735,0,Thursday
2017-06-29,3820,621.0,3805.0,2017,13.0229,480.25,496.0,1690.0,1808.0,201706,65.5025,1.24,53.1264,40.735,0,Thursday
2017-07-06,3751,715.0,3750.0,2017,13.4432,519.0,539.0,1826.0,1956.0,201707,66.27205000000001,0.67,52.995450000000005,39.707,0,Thursday
2017-07-13,3873,544.0,3858.0,2017,13.2107,495.5,511.75,1810.0,1931.0,201707,66.27205000000001,0.67,52.995450000000005,39.707,0,Thursday
2017-07-20,3852,421.0,3850.0,2017,13.0343,505.75,529.25,1837.0,1955.0,201707,66.27205000000001,0.67,52.995450000000005,39.707,0,Thursday
2017-07-27,3925,370.0,3900.0,2017,13.0016,479.75,504.75,1815.0,1932.0,201707,66.27205000000001,0.67,52.995450000000005,39.707,0,Thursday
2017-08-03,4095,714.0,4030.0,2017,13.4005,457.75,485.0,1831.0,1938.0,201708,66.8965,1.045,54.3699,41.828,0,Thursday
2017-08-10,4117,600.0,4065.0,2017,13.4633,440.5,468.75,1913.0,2031.0,201708,66.8965,1.045,54.3699,41.828,0,Thursday
2017-08-17,4006,728.0,4012.0,2017,13.2617,414.0,440.75,1827.0,1960.0,201708,66.8965,1.045,54.3699,41.828,0,Thursday
2017-08-24,3903,864.0,3920.0,2017,13.2002,409.0,434.5,1822.0,1958.0,201708,66.8965,1.045,54.3699,41.828,0,Thursday
2017-08-31,4020,340.0,3970.0,2017,13.0032,410.25,434.5,1793.0,1900.0,201708,66.8965,1.045,54.3699,41.828,0,Thursday
2017-09-07,3977,563.0,4010.0,2017,12.7986,413.5,437.25,1813.0,1936.0,201709,74.5283,0.8899999999999999,61.4567,48.37335,0,Thursday
2017-09-14,3978,622.0,3960.0,2017,13.1184,428.25,443.0,1856.0,1970.0,201709,74.5283,0.8899999999999999,61.4567,48.37335,0,Thursday
2017-09-21,3980,413.0,3990.0,2017,13.2791,452.5,472.0,1823.0,1945.0,201709,74.5283,0.8899999999999999,61.4567,48.37335,0,Thursday
2017-09-28,4035,519.0,4035.0,2017,13.5148,455.0,474.25,1910.0,2030.0,201709,74.5283,0.8899999999999999,61.4567,48.37335,0,Thursday
2017-10-05,4117,712.0,4100.0,2017,13.6798,440.75,459.5,1885.0,2012.0,201710,73.81909999999999,2.0225,61.7207,49.60835,0,Thursday
2017-10-12,4113,687.0,4091.2,2017,13.4766,430.5,449.5,1900.0,2003.0,201710,73.81909999999999,2.0225,61.7207,49.60835,0,Thursday
2017-10-19,4145,809.0,4145.0,2017,13.4866,432.75,451.25,1920.0,2013.0,201710,73.81909999999999,2.0225,61.7207,49.60835,0,Thursday
2017-10-26,4236,2807.0,4240.0,2017,14.2416,431.75,450.25,2019.0,2113.0,201710,73.81909999999999,2.0225,61.7207,49.60835,0,Thursday
2017-11-02,4216,815.0,4200.0,2017,13.9719,426.0,444.5,2023.0,2119.0,201711,77.8639,1.8683335,65.8103,53.74445,0,Thursday
2017-11-09,4206,1310.0,4220.0,2017,14.2486,429.0,445.0,2024.0,2130.0,201711,77.8639,1.8683335,65.8103,53.74445,0,Thursday
2017-11-16,4211,1334.0,4219.0,2017,14.1567,421.5,438.0,1997.0,2109.0,201711,77.8639,1.8683335,65.8103,53.74445,0,Thursday
2017-11-23,4190,1623.0,4155.0,2017,13.8834,,,1986.0,2105.0,201711,77.8639,1.8683335,65.8103,53.74445,0,Thursday
2017-11-30,4092,2522.0,4085.0,2017,13.6981,409.25,433.0,1882.0,1985.0,201711,77.8639,1.8683335,65.8103,53.74445,0,Thursday
2017-12-07,4008,664.0,3985.0,2017,13.7334,394.25,421.5,1886.0,1993.0,201712,80.41159999999999,2.2575,69.39734999999999,58.36935,0,Thursday
2017-12-14,3964,545.0,3950.0,2017,13.512,395.0,418.25,1877.0,1960.0,201712,80.41159999999999,2.2575,69.39734999999999,58.36935,0,Thursday
2018-05-03,3860,2.0,3860.0,2018,12.5863,540.5,538.0,2070.0,2175.0,201805,69.36345,0.884167,57.89435,46.41775,0,Thursday
2018-05-10,3850,7.0,3850.0,2018,12.301,507.75,506.5,2094.0,2185.0,201805,69.36345,0.884167,57.89435,46.41775,0,Thursday
2018-05-17,3850,74.0,3850.0,2018,12.607,497.5,513.5,2093.0,2187.0,201805,69.36345,0.884167,57.89435,46.41775,0,Thursday
2018-05-24,3850,103.0,3856.0,2018,12.4226,530.25,547.0,2146.0,2224.0,201805,69.36345,0.884167,57.89435,46.41775,0,Thursday
2018-05-31,3860,167.0,3851.0,2018,12.6993,526.25,543.0,2125.0,2232.0,201805,69.36345,0.884167,57.89435,46.41775,0,Thursday
2018-06-07,3888,315.0,3909.0,2018,12.9759,526.75,544.25,2078.0,2189.0,201806,65.60915,1.206667,53.56585,41.5086,0,Thursday
2018-06-14,3963,196.0,3960.0,2018,13.4548,501.5,517.25,2076.0,2191.0,201806,65.60915,1.206667,53.56585,41.5086,0,Thursday
2018-06-21,4049,350.0,4020.0,2018,13.5825,495.25,506.75,2076.0,2183.0,201806,65.60915,1.206667,53.56585,41.5086,0,Thursday
2018-06-28,4139,871.0,4140.0,2018,13.7705,479.5,483.5,2086.0,2186.0,201806,65.60915,1.206667,53.56585,41.5086,0,Thursday
2018-07-05,4166,243.0,4144.0,2018,13.5365,504.0,505.5,2006.0,2098.0,201807,65.55995,0.743333,53.0753,40.57905,0,Thursday
2018-07-12,4150,231.0,4146.0,2018,13.3023,482.5,484.5,1991.0,2062.0,201807,65.55995,0.743333,53.0753,40.57905,0,Thursday
2018-07-19,4172,466.0,4140.0,2018,13.5379,504.25,520.5,2024.0,2085.0,201807,65.55995,0.743333,53.0753,40.57905,0,Thursday
2018-07-26,4178,457.0,4190.0,2018,13.2437,536.5,556.5,2127.0,2193.0,201807,65.55995,0.743333,53.0753,40.57905,0,Thursday
2018-08-02,4245,560.0,4230.0,2018,13.449,560.5,582.75,2202.0,2260.0,201808,65.9022,1.3783335,53.5363,41.15375,0,Thursday
2018-08-16,4387,817.0,4380.0,2018,14.7367,542.25,562.0,2334.0,2402.0,201808,65.9022,1.3783335,53.5363,41.15375,0,Thursday
2018-08-23,4425,872.0,4430.0,2018,14.4054,522.0,541.75,2320.0,2388.0,201808,65.9022,1.3783335,53.5363,41.15375,0,Thursday
2018-08-30,4418,959.0,4399.0,2018,14.7247,508.0,535.0,2311.0,2370.0,201808,65.9022,1.3783335,53.5363,41.15375,0,Thursday
2018-09-06,4541,823.0,4570.0,2018,15.3337,486.0,513.75,2444.0,2500.0,201809,70.93334999999999,1.7575,57.9789,45.015,0,Thursday
2018-09-13,4530,676.0,4500.0,2018,14.7716,471.75,497.0,2372.0,2424.0,201809,70.93334999999999,1.7575,57.9789,45.015,0,Thursday
2018-09-20,4455,1165.0,4485.0,2018,14.2875,524.0,542.5,2312.0,2319.0,201809,70.93334999999999,1.7575,57.9789,45.015,0,Thursday
2018-09-27,4394,983.0,4420.0,2018,14.1253,513.0,530.75,2368.0,2415.0,201809,70.93334999999999,1.7575,57.9789,45.015,0,Thursday
2018-10-04,4538,1439.0,4531.0,2018,14.8684,518.0,536.75,2438.0,2482.0,201810,77.61425,1.0375,64.76455,51.9011,0,Thursday
2018-10-11,4470,2158.0,4460.0,2018,14.6332,508.0,529.25,2410.0,2444.0,201810,77.61425,1.0375,64.76455,51.9011,0,Thursday
2018-10-18,4454,839.0,4455.0,2018,14.4506,513.0,533.5,2401.0,2430.0,201810,77.61425,1.0375,64.76455,51.9011,0,Thursday
2018-10-25,4437,826.0,4450.0,2018,14.623,487.25,507.75,2366.0,2380.0,201810,77.61425,1.0375,64.76455,51.9011,0,Thursday
2018-11-01,4452,1449.0,4490.0,2018,14.4077,508.0,522.75,2401.0,2410.0,201811,79.41195,1.363333,66.76445000000001,54.105,0,Thursday
2018-11-08,4349,1787.0,4355.0,2018,14.1355,507.75,519.75,2470.0,2433.0,201811,79.41195,1.363333,66.76445000000001,54.105,0,Thursday
2018-11-15,4305,3485.0,4340.0,2018,14.1768,505.5,514.75,2450.0,2472.0,201811,79.41195,1.363333,66.76445000000001,54.105,0,Thursday
2018-11-22,4240,1759.0,4233.0,2018,13.752,,,2315.0,2319.0,201811,79.41195,1.363333,66.76445000000001,54.105,0,Thursday
2018-11-29,4203,3222.0,4250.0,2018,13.6684,496.5,507.75,2424.0,2344.0,201811,79.41195,1.363333,66.76445000000001,54.105,0,Thursday
2018-12-06,4245,650.0,4238.0,2018,14.0484,505.25,515.5,2499.0,2464.0,201812,82.89865,1.37,71.08845,59.264,0,Thursday
2018-12-13,4302,731.0,4326.0,2018,14.1813,527.75,536.0,2772.0,2656.0,201812,82.89865,1.37,71.08845,59.264,0,Thursday
2019-05-02,4400,90.0,4400.0,2019,14.5353,433.25,444.0,2607.0,2554.0,201905,71.8113,0.7958335000000001,59.89005,47.9597,0,Thursday
2019-05-09,4365,104.0,4370.0,2019,14.3458,421.75,429.5,2518.0,2475.0,201905,71.8113,0.7958335000000001,59.89005,47.9597,0,Thursday
2019-05-16,4392,132.0,4360.0,2019,14.289,467.0,473.5,2588.0,2544.0,201905,71.8113,0.7958335000000001,59.89005,47.9597,0,Thursday
2019-05-23,4373,124.0,4377.0,2019,14.4842,470.25,478.25,2665.0,2619.0,201905,71.8113,0.7958335000000001,59.89005,47.9597,0,Thursday
2019-05-30,4400,141.0,4385.0,2019,14.7313,514.5,522.25,2880.0,2837.0,201905,71.8113,0.7958335000000001,59.89005,47.9597,0,Thursday
2019-06-06,4443,179.0,4440.0,2019,14.9949,510.0,514.25,2865.0,2832.0,201906,66.7664,1.0125,54.22555,41.6703,0,Thursday
2019-06-13,4423,223.0,4421.0,2019,14.8675,535.5,539.0,2873.0,2859.0,201906,66.7664,1.0125,54.22555,41.6703,0,Thursday
2019-06-20,4315,331.0,4325.0,2019,14.3351,526.5,531.75,2790.0,2776.0,201906,66.7664,1.0125,54.22555,41.6703,0,Thursday
2019-06-27,4400,460.0,4380.0,2019,14.1688,547.5,546.75,2888.0,2837.0,201906,66.7664,1.0125,54.22555,41.6703,0,Thursday
2019-07-04,4413,142.0,4411.0,2019,14.0371,,,2925.0,2832.0,201907,66.0578,1.225,53.575,41.08095,0,Thursday
2019-07-11,4449,266.0,4438.0,2019,13.9687,536.25,521.5,2899.0,2789.0,201907,66.0578,1.225,53.575,41.08095,0,Thursday
2019-07-18,4430,266.0,4426.0,2019,13.8411,493.5,505.25,2933.0,2803.0,201907,66.0578,1.225,53.575,41.08095,0,Thursday
2019-07-25,4436,137.0,4429.0,2019,14.0812,499.5,507.25,2897.0,2804.0,201907,66.0578,1.225,53.575,41.08095,0,Thursday
2019-08-01,4458,393.0,4465.0,2019,14.6674,475.75,480.75,2906.0,2798.0,201908,70.1527,0.3866664999999999,56.5621,42.96775,0,Thursday
2019-08-08,4522,1669.0,4495.0,2019,15.0405,498.5,500.0,3027.0,2871.0,201908,70.1527,0.3866664999999999,56.5621,42.96775,0,Thursday
2019-08-15,4639,1380.0,4590.0,2019,15.2777,469.0,474.5,2942.0,2783.0,201908,70.1527,0.3866664999999999,56.5621,42.96775,0,Thursday
2019-08-22,4679,831.0,4660.0,2019,15.2479,467.25,471.75,2803.0,2697.0,201908,70.1527,0.3866664999999999,56.5621,42.96775,0,Thursday
2019-08-29,4678,781.0,4699.0,2019,15.3122,469.75,472.75,2784.0,2689.0,201908,70.1527,0.3866664999999999,56.5621,42.96775,0,Thursday
2019-09-05,4549,565.0,4575.0,2019,14.8829,464.0,466.25,2746.0,2599.0,201909,75.41555,0.6116665,61.47725,47.5283,0,Thursday
2019-09-12,4532,470.0,4520.0,2019,14.5995,485.75,483.75,2739.0,2607.0,201909,75.41555,0.6116665,61.47725,47.5283,0,Thursday
2019-09-19,4515,378.0,4507.0,2019,14.8191,488.0,494.25,2798.0,2663.0,201909,75.41555,0.6116665,61.47725,47.5283,0,Thursday
2019-09-26,4545,309.0,4500.0,2019,15.0091,484.25,490.25,2889.0,2764.0,201909,75.41555,0.6116665,61.47725,47.5283,0,Thursday
2019-10-03,4614,653.0,4600.0,2019,15.1481,488.75,496.25,2904.0,2812.0,201910,77.55835,1.6541665,64.54169999999999,51.51565,0,Thursday
2019-10-10,4615,432.0,4615.0,2019,15.0498,493.0,499.75,2976.0,2900.0,201910,77.55835,1.6541665,64.54169999999999,51.51565,0,Thursday
2019-10-17,4515,1414.0,4534.0,2019,14.8333,525.5,530.25,2974.0,2866.0,201910,77.55835,1.6541665,64.54169999999999,51.51565,0,Thursday
2019-10-24,4457,1376.0,4478.0,2019,14.7012,516.0,521.25,2871.0,2775.0,201910,77.55835,1.6541665,64.54169999999999,51.51565,0,Thursday
2019-10-31,4515,2736.0,4478.4,2019,15.1008,508.75,514.75,2806.0,2755.0,201910,77.55835,1.6541665,64.54169999999999,51.51565,0,Thursday
2019-11-07,4382,1291.0,4374.0,2019,14.742,512.5,517.25,2636.0,2633.0,201911,80.65195,1.1308335,68.54165,56.42165,0,Thursday
2019-11-14,4395,2164.0,4405.0,2019,14.8254,507.75,511.0,2712.0,2656.0,201911,80.65195,1.1308335,68.54165,56.42165,0,Thursday
2019-11-21,4358,1812.0,4362.0,2019,14.6842,509.0,512.0,2710.0,2655.0,201911,80.65195,1.1308335,68.54165,56.42165,0,Thursday
2019-11-28,4405,1911.0,4390.0,2019,14.7092,,,2872.0,2751.0,201911,80.65195,1.1308335,68.54165,56.42165,0,Thursday
2019-12-05,4385,504.0,4390.0,2019,14.6492,532.0,523.75,2671.0,2634.0,201912,78.85,3.0958335000000003,68.47905,58.0992,0,Thursday
2019-12-12,4435,956.0,4400.0,2019,14.4955,539.25,530.25,2631.0,2575.0,201912,78.85,3.0958335000000003,68.47905,58.0992,0,Thursday
2020-05-07,4904,208.0,4925.0,2020,18.5938,529.0,522.5,2637.0,2590.0,202005,69.8761,0.9225,57.4073,44.92155,0,Thursday
2020-05-14,4932,359.0,4915.0,2020,18.4443,510.5,502.25,2644.0,2611.0,202005,69.8761,0.9225,57.4073,44.92155,0,Thursday
2020-05-21,4882,385.0,4900.0,2020,17.5926,516.0,518.75,2682.0,2674.0,202005,69.8761,0.9225,57.4073,44.92155,0,Thursday
2020-05-28,4815,97.0,4840.0,2020,17.5119,514.5,517.75,2375.0,2507.0,202005,69.8761,0.9225,57.4073,44.92155,0,Thursday
2020-06-04,4771,553.0,4751.0,2020,16.9097,523.75,527.5,2384.0,2504.0,202006,65.92115000000001,1.381667,53.2778,40.61975,0,Thursday
2020-06-11,4760,220.0,4751.0,2020,17.1696,499.25,505.75,2396.0,2508.0,202006,65.92115000000001,1.381667,53.2778,40.61975,0,Thursday
2020-06-18,4837,917.0,4810.0,2020,17.473,483.5,488.75,2552.0,2666.0,202006,65.92115000000001,1.381667,53.2778,40.61975,0,Thursday
2020-06-25,4875,372.0,4865.0,2020,17.149,486.75,488.25,2509.0,2623.0,202006,65.92115000000001,1.381667,53.2778,40.61975,0,Thursday
2020-07-02,4792,1215.0,4774.0,2020,16.9699,490.0,492.0,2608.0,2723.0,202007,66.26585,0.9391665,52.54675,38.81345,0,Thursday
2020-07-09,4826,683.0,4845.0,2020,16.8355,526.25,525.0,2627.0,2727.0,202007,66.26585,0.9391665,52.54675,38.81345,0,Thursday
2020-07-16,4805,348.0,4815.0,2020,16.7593,535.25,540.75,2521.0,2611.0,202007,66.26585,0.9391665,52.54675,38.81345,0,Thursday
2020-07-23,4797,282.0,4811.0,2020,16.6652,529.5,534.75,2586.0,2648.0,202007,66.26585,0.9391665,52.54675,38.81345,0,Thursday
2020-07-30,4848,1099.0,4835.0,2020,16.7637,529.5,536.0,2670.0,2737.0,202007,66.26585,0.9391665,52.54675,38.81345,0,Thursday
2020-08-06,4939,1835.0,4904.0,2020,17.4242,501.25,508.25,2799.0,2854.0,202008,65.86449999999999,1.605833,52.73875,39.59655,0,Thursday
2020-08-13,4925,584.0,4925.0,2020,17.4164,496.75,506.5,2865.0,2908.0,202008,65.86449999999999,1.605833,52.73875,39.59655,0,Thursday
2020-08-20,4906,646.0,4895.0,2020,17.2712,519.5,528.5,2942.0,2950.0,202008,65.86449999999999,1.605833,52.73875,39.59655,0,Thursday
2020-08-27,4868,738.0,4860.0,2020,17.0325,542.5,550.75,3141.0,3101.0,202008,65.86449999999999,1.605833,52.73875,39.59655,0,Thursday
2020-09-03,4880,384.0,4873.0,2020,16.7295,543.25,553.25,3139.0,3090.0,202009,72.19415000000001,1.6741665,59.07725,45.9469,0,Thursday
2020-09-10,4891,454.0,4894.0,2020,16.9078,540.0,548.25,3255.0,3160.0,202009,72.19415000000001,1.6741665,59.07725,45.9469,0,Thursday
2020-09-17,4887,671.0,4890.0,2020,16.1588,556.25,564.0,3269.0,3167.0,202009,72.19415000000001,1.6741665,59.07725,45.9469,0,Thursday
2020-10-01,4875,1954.0,4878.0,2020,16.6087,570.25,576.5,3337.0,3305.0,202010,76.5172,1.6858335,64.60995,52.6973,0,Thursday
2020-10-08,4934,1272.0,4896.0,2020,16.5904,595.25,598.75,3488.0,3435.0,202010,76.5172,1.6858335,64.60995,52.6973,0,Thursday
2020-10-15,4966,1349.0,4965.0,2020,16.6443,618.25,619.5,3581.0,3502.0,202010,76.5172,1.6858335,64.60995,52.6973,0,Thursday
2020-10-22,5106,912.0,5087.0,2020,16.2102,622.75,623.75,3696.0,3615.0,202010,76.5172,1.6858335,64.60995,52.6973,0,Thursday
2020-10-29,5070,1523.0,5060.0,2020,16.3976,603.75,603.0,3638.0,3560.0,202010,76.5172,1.6858335,64.60995,52.6973,0,Thursday
2020-11-05,5013,1982.0,5055.0,2020,15.6866,609.25,613.5,3369.0,3338.0,202011,77.4986,2.69,66.64835,55.78945,0,Thursday
2020-11-12,5066,731.0,5049.0,2020,15.649,588.25,597.25,3487.0,3416.0,202011,77.4986,2.69,66.64835,55.78945,0,Thursday
2020-11-19,4986,5406.0,5000.0,2020,15.4135,591.75,598.75,3427.0,3395.0,202011,77.4986,2.69,66.64835,55.78945,0,Thursday
2020-11-26,4833,3245.0,4870.0,2020,15.1838,,,3430.0,3391.0,202011,77.4986,2.69,66.64835,55.78945,0,Thursday
2020-12-03,4780,986.0,4780.0,2020,15.1753,571.75,584.5,3560.0,3473.0,202012,80.04705,4.291667,69.8073,59.5559,0,Thursday
2020-12-10,4681,1008.0,4606.4,2020,15.0208,590.25,596.5,3482.0,3364.0,202012,80.04705,4.291667,69.8073,59.5559,0,Thursday
2021-05-06,4970,169.0,5000.0,2021,14.2103,764.25,753.25,3535.0,3694.0,202105,68.96209999999999,1.485,56.81455,44.6573,0,Thursday
2021-05-13,4925,181.0,4965.0,2021,14.1163,726.5,701.5,3422.0,3586.0,202105,68.96209999999999,1.485,56.81455,44.6573,0,Thursday
2021-05-20,4850,15.0,4850.0,2021,13.9747,675.25,677.75,3270.0,3395.0,202105,68.96209999999999,1.485,56.81455,44.6573,0,Thursday
2021-05-27,4780,128.0,4800.0,2021,13.7736,676.25,679.5,3055.0,3185.0,202105,68.96209999999999,1.485,56.81455,44.6573,0,Thursday
2021-06-03,4835,239.0,4852.0,2021,13.6391,676.25,680.75,3261.0,3387.0,202106,66.8917,1.021667,54.7592,42.61305,0,Thursday
2021-06-10,4828,199.0,4833.0,2021,13.6101,683.75,689.75,3317.0,3465.0,202106,66.8917,1.021667,54.7592,42.61305,0,Thursday
2021-06-17,4845,143.0,4855.0,2021,14.116,639.0,643.0,3117.0,3258.0,202106,66.8917,1.021667,54.7592,42.61305,0,Thursday
2021-06-24,4950,711.0,4900.0,2021,14.2089,651.25,652.0,2966.0,3119.0,202106,66.8917,1.021667,54.7592,42.61305,0,Thursday
2021-07-01,4971,514.0,5000.0,2021,14.4336,658.5,665.5,3273.0,3415.0,202107,62.99435,1.3775,50.1191,37.22955,0,Thursday
2021-07-08,4968,148.0,4940.0,2021,14.3394,612.25,618.0,3091.0,3236.0,202107,62.99435,1.3775,50.1191,37.22955,0,Thursday
2021-07-15,4991,328.0,4989.0,2021,14.5811,672.0,678.75,3207.0,3341.0,202107,62.99435,1.3775,50.1191,37.22955,0,Thursday
2021-07-22,5020,232.0,5039.0,2021,14.6929,692.25,701.5,3205.0,3360.0,202107,62.99435,1.3775,50.1191,37.22955,0,Thursday
2021-07-29,5097,961.0,5099.0,2021,14.5564,705.25,713.75,3259.0,3407.0,202107,62.99435,1.3775,50.1191,37.22955,0,Thursday
2021-08-05,5166,303.0,5160.0,2021,14.5092,712.75,725.25,3205.0,3361.0,202108,66.11695,2.2358335,53.89595,41.66615,0,Thursday
2021-08-12,5295,1461.0,5275.0,2021,14.7818,753.5,764.75,3310.0,3469.0,202108,66.11695,2.2358335,53.89595,41.66615,0,Thursday
2021-08-19,5443,2141.0,5371.2,2021,15.2122,727.5,742.75,3304.0,3497.0,202108,66.11695,2.2358335,53.89595,41.66615,0,Thursday
2021-08-26,5510,1656.0,5450.0,2021,14.9357,725.25,739.25,3219.0,3412.0,202108,66.11695,2.2358335,53.89595,41.66615,0,Thursday
2021-09-02,5355,958.0,5359.0,2021,14.465,704.0,717.0,2983.0,3156.0,202109,72.99584999999999,0.865,60.35445,47.7022,0,Thursday
2021-09-09,5310,664.0,5400.0,2021,14.2103,681.5,692.25,2937.0,3100.0,202109,72.99584999999999,0.865,60.35445,47.7022,0,Thursday
2021-09-16,5512,3457.0,5495.0,2021,14.5977,713.0,724.0,3179.0,3345.0,202109,72.99584999999999,0.865,60.35445,47.7022,0,Thursday
2021-09-23,5490,742.0,5480.0,2021,14.75,717.75,728.5,3223.0,3377.0,202109,72.99584999999999,0.865,60.35445,47.7022,0,Thursday
2021-09-30,5584,1028.0,5550.0,2021,15.0683,725.5,736.5,3331.0,3520.0,202109,72.99584999999999,0.865,60.35445,47.7022,0,Thursday
2021-10-07,5634,2007.0,5650.0,2021,14.9578,741.25,754.75,3256.0,3437.0,202110,73.96775,1.8733335,62.2358,50.490300000000005,0,Thursday
2021-10-14,5660,1163.0,5640.0,2021,14.7874,724.75,736.75,3149.0,3309.0,202110,73.96775,1.8733335,62.2358,50.490300000000005,0,Thursday
2021-10-21,5691,1127.0,5700.0,2021,14.6886,741.25,753.5,3156.0,3308.0,202110,73.96775,1.8733335,62.2358,50.490300000000005,0,Thursday
2021-10-28,5883,1220.0,5823.0,2021,15.1345,772.5,785.5,3321.0,3508.0,202110,73.96775,1.8733335,62.2358,50.490300000000005,0,Thursday
2021-11-04,5839,2966.0,5910.0,2021,15.2169,773.75,786.25,3353.0,3584.0,202111,76.6328,2.5066665,65.23115,53.81635,0,Thursday
2021-11-11,5878,2361.0,5908.4,2021,15.3061,812.5,824.25,3227.0,3519.0,202111,76.6328,2.5066665,65.23115,53.81635,0,Thursday
2021-11-18,6005,2574.0,5989.0,2021,15.6455,820.0,830.75,3426.0,3631.0,202111,76.6328,2.5066665,65.23115,53.81635,0,Thursday
2021-11-25,6202,1375.0,6260.0,2021,15.9718,,,3420.0,3651.0,202111,76.6328,2.5066665,65.23115,53.81635,0,Thursday
2021-12-02,6095,996.0,6004.0,2021,15.9359,806.5,815.0,3357.0,3629.0,202112,77.15780000000001,4.7183335,67.3675,57.5648,0,Thursday
2021-12-09,6091,1330.0,6080.0,2021,15.9394,773.5,776.75,3501.0,3830.0,202112,77.15780000000001,4.7183335,67.3675,57.5648,0,Thursday
2022-05-05,6990,194.0,6900.0,2022,15.9894,1096.0,1106.5,4469.0,4586.0,202205,69.66535,1.1691669999999998,57.468,45.2586,0,Thursday
2022-05-12,7471,380.0,7380.0,2022,16.0909,1174.5,1178.75,4560.0,4714.0,202205,69.66535,1.1691669999999998,57.468,45.2586,0,Thursday
2022-05-19,7780,188.0,7870.0,2022,15.8272,1200.5,1206.0,4576.0,4700.0,202205,69.66535,1.1691669999999998,57.468,45.2586,0,Thursday
2022-05-26,7554,225.0,7561.0,2022,15.7071,1143.25,1152.0,4562.0,4650.0,202205,69.66535,1.1691669999999998,57.468,45.2586,0,Thursday
2022-06-02,7150,318.0,7100.0,2022,15.4666,1058.25,1069.75,4428.0,4486.0,202206,66.8395,1.7883334999999998,54.0136,41.17085,0,Thursday
2022-06-09,7200,187.0,7165.0,2022,15.512,1071.25,1084.75,4382.0,4480.0,202206,66.8395,1.7883334999999998,54.0136,41.17085,0,Thursday
2022-06-23,7229,820.0,7284.0,2022,15.9618,937.25,949.25,4306.0,4370.0,202206,66.8395,1.7883334999999998,54.0136,41.17085,0,Thursday
2022-06-30,7040,834.0,6930.0,2022,16.2782,868.75,884.0,4359.0,4340.0,202206,66.8395,1.7883334999999998,54.0136,41.17085,0,Thursday
2022-07-07,7130,606.0,7150.0,2022,16.7205,824.5,836.5,4284.0,4244.0,202207,66.0978,0.5466664999999999,53.55325,40.99355,0,Thursday
2022-07-14,7195,300.0,7270.0,2022,17.1597,794.25,795.0,4343.0,4267.0,202207,66.0978,0.5466664999999999,53.55325,40.99355,0,Thursday
2022-07-21,7111,93.0,7082.0,2022,17.0555,806.25,821.75,4303.0,4158.0,202207,66.0978,0.5466664999999999,53.55325,40.99355,0,Thursday
2022-07-28,7125,240.0,7145.0,2022,16.4836,817.0,835.25,4336.0,4272.0,202207,66.0978,0.5466664999999999,53.55325,40.99355,0,Thursday
2022-08-04,6915,909.0,6930.0,2022,16.6118,782.5,802.0,4187.0,4202.0,202208,67.4664,0.8075000000000001,54.5465,41.61695,0,Thursday
2022-08-11,6825,458.0,6760.0,2022,16.2346,810.75,826.25,4259.0,4239.0,202208,67.4664,0.8075000000000001,54.5465,41.61695,0,Thursday
2022-08-18,6830,427.0,6850.0,2022,16.8639,731.5,749.0,4241.0,4220.0,202208,67.4664,0.8075000000000001,54.5465,41.61695,0,Thursday
2022-08-25,6971,509.0,6936.0,2022,16.7494,769.75,789.0,4499.0,4476.0,202208,67.4664,0.8075000000000001,54.5465,41.61695,0,Thursday
2022-09-01,6914,1400.0,6991.0,2022,17.2757,775.5,794.25,4584.0,4543.0,202209,73.37335,0.64,60.6089,47.832,0,Thursday
2022-09-08,6956,465.0,6945.0,2022,17.5183,810.5,829.0,4683.0,4646.0,202209,73.37335,0.64,60.6089,47.832,0,Thursday
2022-09-15,6970,388.0,6989.0,2022,17.5652,845.0,860.5,4703.0,4646.0,202209,73.37335,0.64,60.6089,47.832,0,Thursday
2022-09-22,6999,862.0,6978.0,2022,17.5982,910.75,922.0,4800.0,4705.0,202209,73.37335,0.64,60.6089,47.832,0,Thursday
2022-09-29,7100,604.0,7100.0,2022,18.0146,896.25,908.0,4892.0,4851.0,202209,73.37335,0.64,60.6089,47.832,0,Thursday
2022-10-06,7210,566.0,7199.0,2022,18.0013,879.0,892.75,5060.0,4948.0,202210,78.48230000000001,1.7200000000000002,66.793,55.08495,0,Thursday
2022-10-13,7396,1878.0,7382.0,2022,18.2664,892.25,908.5,5169.0,5089.0,202210,78.48230000000001,1.7200000000000002,66.793,55.08495,0,Thursday
2022-10-20,7382,531.0,7350.0,2022,18.2963,849.25,868.0,5295.0,5162.0,202210,78.48230000000001,1.7200000000000002,66.793,55.08495,0,Thursday
2022-10-27,7337,1293.0,7370.0,2022,17.9792,838.5,858.0,5377.0,5239.0,202210,78.48230000000001,1.7200000000000002,66.793,55.08495,0,Thursday
2022-11-03,7353,1648.0,7335.0,2022,18.4056,840.5,859.75,5423.0,5273.0,202211,76.2339,3.575,65.57305,54.90025,0,Thursday
2022-11-10,6950,2093.0,7000.0,2022,17.3629,803.5,825.75,5392.0,5118.0,202211,76.2339,3.575,65.57305,54.90025,0,Thursday
2022-11-17,6783,2022.0,6811.0,2022,17.3765,806.75,825.0,5290.0,5032.0,202211,76.2339,3.575,65.57305,54.90025,0,Thursday
2022-11-24,6695,4441.0,6700.0,2022,17.0202,,,5274.0,5018.0,202211,76.2339,3.575,65.57305,54.90025,0,Thursday
2022-12-01,6745,1477.0,6626.6,2022,17.6574,758.75,783.0,5203.0,4966.0,202212,78.5444,3.6191665,68.40295,58.25025,0,Thursday
2022-12-08,6703,1469.0,6675.0,2022,17.1659,724.25,746.25,4920.0,4757.0,202212,78.5444,3.6191665,68.40295,58.25025,0,Thursday
2022-12-15,6731,799.0,6700.0,2022,17.4959,757.25,766.0,5075.0,4856.0,202212,78.5444,3.6191665,68.40295,58.25025,0,Thursday
2023-05-04,6328,171.0,6343.0,2023,18.2873,631.5,645.0,3442.0,3560.0,202305,67.67555,2.4016665,56.632,45.5831,0,Thursday
2023-05-11,6512,182.0,6519.0,2023,19.2051,614.25,627.25,3570.0,3680.0,202305,67.67555,2.4016665,56.632,45.5831,0,Thursday
2023-05-18,6560,54.0,6585.0,2023,19.3328,611.75,624.5,3658.0,3710.0,202305,67.67555,2.4016665,56.632,45.5831,0,Thursday
2023-05-25,6301,424.0,6313.0,2023,19.8025,604.25,617.25,3667.0,3780.0,202305,67.67555,2.4016665,56.632,45.5831,0,Thursday
2023-06-01,6373,326.0,6431.0,2023,19.6274,610.75,624.25,3713.0,3852.0,202306,63.67835,2.1533335,52.59055,41.49335,0,Thursday
2023-06-08,6306,178.0,6300.0,2023,18.8357,626.25,639.0,3584.0,3682.0,202306,63.67835,2.1533335,52.59055,41.49335,0,Thursday
2023-06-15,6289,668.0,6281.0,2023,18.2223,661.5,672.75,3671.0,3740.0,202306,63.67835,2.1533335,52.59055,41.49335,0,Thursday
2023-06-22,6487,544.0,6456.0,2023,18.5223,739.0,752.75,3938.0,4032.0,202306,63.67835,2.1533335,52.59055,41.49335,0,Thursday
2023-06-29,6331,493.0,6359.2,2023,18.7648,653.0,667.5,3657.0,3712.0,202306,63.67835,2.1533335,52.59055,41.49335,0,Thursday
2023-07-06,6252,582.0,6230.0,2023,19.1089,647.0,658.0,3513.0,3558.0,202307,63.31315000000001,1.32,51.26825,39.20295,0,Thursday
2023-07-13,6012,816.0,6011.4,2023,17.9282,627.5,639.75,3387.0,3443.0,202307,63.31315000000001,1.32,51.26825,39.20295,0,Thursday
2023-07-20,6404,1072.0,6330.0,2023,17.9244,727.0,746.25,3778.0,3815.0,202307,63.31315000000001,1.32,51.26825,39.20295,0,Thursday
2023-07-27,6348,343.0,6403.0,2023,17.8413,712.75,735.5,3717.0,3749.0,202307,63.31315000000001,1.32,51.26825,39.20295,0,Thursday
2023-08-03,6370,699.0,6364.0,2023,18.7071,627.0,655.0,3721.0,3738.0,202308,68.69005,0.5441665,55.155150000000006,41.6006,0,Thursday
2023-08-10,6436,910.0,6424.0,2023,18.8501,637.75,663.75,3648.0,3680.0,202308,68.69005,0.5441665,55.155150000000006,41.6006,0,Thursday
2023-08-17,6438,365.0,6424.0,2023,19.0668,589.5,615.25,3585.0,3642.0,202308,68.69005,0.5441665,55.155150000000006,41.6006,0,Thursday
2023-08-24,6341,580.0,6381.0,2023,18.8166,604.0,631.75,3612.0,3633.0,202308,68.69005,0.5441665,55.155150000000006,41.6006,0,Thursday
2023-08-31,6161,1782.0,6219.0,2023,18.8758,573.0,602.0,3584.0,3577.0,202308,68.69005,0.5441665,55.155150000000006,41.6006,0,Thursday
2023-09-07,6169,689.0,6175.0,2023,19.1767,571.5,599.75,3863.0,3821.0,202309,71.1006,1.5875,58.2581,45.40835,0,Thursday
2023-09-14,6231,458.0,6152.0,2023,19.0187,567.5,593.75,3987.0,3877.0,202309,71.1006,1.5875,58.2581,45.40835,0,Thursday
2023-09-21,6194,685.0,6200.0,2023,18.9538,575.75,602.25,3979.0,3843.0,202309,71.1006,1.5875,58.2581,45.40835,0,Thursday
2023-09-28,6269,466.0,6246.0,2023,18.9817,578.75,606.5,4051.0,3969.0,202309,71.1006,1.5875,58.2581,45.40835,0,Thursday
2023-10-05,6209,506.0,6190.0,2023,19.5176,578.25,607.0,4173.0,4070.0,202310,76.828,2.0283335,64.3003,51.7664,0,Thursday
2023-10-12,6084,1265.0,6130.0,2023,19.017,571.5,601.5,4089.0,3951.0,202310,76.828,2.0283335,64.3003,51.7664,0,Thursday
2023-10-19,6141,1543.0,6083.0,2023,19.0237,594.0,619.75,3999.0,3889.0,202310,76.828,2.0283335,64.3003,51.7664,0,Thursday
2023-10-26,6093,1615.0,6092.0,2023,18.9643,579.5,606.0,4045.0,3904.0,202310,76.828,2.0283335,64.3003,51.7664,0,Thursday
2023-11-02,5856,1296.0,5928.0,2023,18.4211,565.5,592.75,3871.0,3744.0,202311,81.2525,1.4016665,68.88585,56.515,0,Thursday
2023-11-09,5960,2174.0,5940.0,2023,18.66,580.75,606.25,3825.0,3695.0,202311,81.2525,1.4016665,68.88585,56.515,0,Thursday
2023-11-16,5875,1674.0,5880.0,2023,18.3731,553.5,581.0,4009.0,3830.0,202311,81.2525,1.4016665,68.88585,56.515,0,Thursday
2023-11-23,5875,3145.0,5900.0,2023,18.8142,,,4180.0,3970.0,202311,81.2525,1.4016665,68.88585,56.515,0,Thursday
2023-11-30,5867,3308.0,5872.0,2023,18.8545,570.25,598.0,4493.0,4088.0,202311,81.2525,1.4016665,68.88585,56.515,0,Thursday
2023-12-07,5837,1786.0,5830.0,2023,18.7652,626.0,642.25,4340.0,4102.0,202312,80.38685,3.5683335,69.7118,59.027150000000006,0,Thursday
2023-12-14,5874,1151.0,5880.0,2023,18.3339,594.0,615.75,4479.0,4179.0,202312,80.38685,3.5683335,69.7118,59.027150000000006,0,Thursday
2024-05-02,6250,,,2024,18.5494,586.5,604.25,5065.0,4182.0,202405,74.3484,0.3125,60.91235,47.46425,0,Thursday
2024-05-09,6222,,,2024,18.4866,619.75,637.5,4975.0,4061.0,202405,74.3484,0.3125,60.91235,47.46425,0,Thursday
2024-05-16,6345,,,2024,18.1878,663.25,683.5,4928.0,3964.0,202405,74.3484,0.3125,60.91235,47.46425,0,Thursday
2024-05-23,6470,,,2024,18.4794,698.0,718.0,5039.0,3965.0,202405,74.3484,0.3125,60.91235,47.46425,0,Thursday
2024-05-30,6558,,,2024,18.7551,681.0,702.5,5152.0,4084.0,202405,74.3484,0.3125,60.91235,47.46425,0,Thursday
2024-06-06,6564,,,2024,18.9718,639.5,661.75,5288.0,4074.0,202406,66.2986,2.163333,54.28,42.245000000000005,0,Thursday
2024-06-13,6308,,,2024,18.4334,620.0,637.75,5051.0,3956.0,202406,66.2986,2.163333,54.28,42.245000000000005,0,Thursday
2024-06-20,6199,,,2024,17.9778,572.75,586.0,5085.0,3965.0,202406,66.2986,2.163333,54.28,42.245000000000005,0,Thursday
2024-06-27,6119,,,2024,18.4725,559.75,579.5,5196.0,3828.0,202406,66.2986,2.163333,54.28,42.245000000000005,0,Thursday
2024-07-04,6237,,,2024,18.2587,,,5099.0,3842.0,202407,63.15675,2.2383335,50.34915,37.5323,0,Thursday
2024-07-11,6095,,,2024,18.0049,554.25,571.25,5289.0,3831.0,202407,63.15675,2.2383335,50.34915,37.5323,0,Thursday
2024-07-18,6057,,,2024,18.2584,535.25,560.0,5333.0,4003.0,202407,63.15675,2.2383335,50.34915,37.5323,0,Thursday
2024-07-25,6167,,,2024,18.3525,537.75,562.5,5533.0,4261.0,202407,63.15675,2.2383335,50.34915,37.5323,0,Thursday
2024-08-01,6124,,,2024,18.274,532.0,556.75,5341.0,4120.0,202408,68.68525,0.9425,54.6113,40.5301,0,Thursday
2024-08-08,6270,,,2024,18.361,537.5,561.5,5336.0,4185.0,202408,68.68525,0.9425,54.6113,40.5301,0,Thursday
2024-08-15,6242,,,2024,18.0226,528.25,550.25,5397.0,4186.0,202408,68.68525,0.9425,54.6113,40.5301,0,Thursday
2024-08-22,6105,,,2024,18.0161,511.0,535.5,5369.0,4038.0,202408,68.68525,0.9425,54.6113,40.5301,0,Thursday
2024-08-29,6187,,,2024,17.7443,525.0,548.75,5460.0,3962.0,202408,68.68525,0.9425,54.6113,40.5301,0,Thursday
2024-09-05,6170,,,2024,17.7096,561.0,574.75,5504.0,4054.0,202409,70.64165,1.6791665,58.5253,46.3942,0,Thursday
2024-09-12,6032,,,2024,17.801,563.0,578.5,5656.0,4231.0,202409,70.64165,1.6791665,58.5253,46.3942,0,Thursday
2024-09-19,5950,,,2024,17.4945,565.5,585.0,5492.0,4236.0,202409,70.64165,1.6791665,58.5253,46.3942,0,Thursday
2024-09-26,5897,,,2024,17.1744,584.25,604.25,5440.0,4285.0,202409,70.64165,1.6791665,58.5253,46.3942,0,Thursday
2024-10-03,5998,,,2024,17.5128,603.5,626.5,5473.0,4458.0,202410,76.65265,1.3775,63.701350000000005,50.73575,0,Thursday
2024-10-10,6080,,,2024,17.5333,603.75,626.5,5667.0,4494.0,202410,76.65265,1.3775,63.701350000000005,50.73575,0,Thursday
2024-10-17,6090,,,2024,17.6867,589.5,609.5,5522.0,4460.0,202410,76.65265,1.3775,63.701350000000005,50.73575,0,Thursday
2024-10-24,5988,,,2024,17.6742,581.5,600.75,5646.0,4593.0,202410,76.65265,1.3775,63.701350000000005,50.73575,0,Thursday
2024-10-31,5826,,,2024,17.6029,570.5,590.25,5904.0,4801.0,202410,76.65265,1.3775,63.701350000000005,50.73575,0,Thursday
2024-11-07,5766,,,2024,17.3063,571.5,589.0,5816.0,4802.0,202411,79.5447,1.655,67.52555,55.49445,0,Thursday
2024-11-14,5890,,,2024,18.2707,530.25,548.25,6069.0,4919.0,202411,79.5447,1.655,67.52555,55.49445,0,Thursday
2024-11-21,5975,,,2024,18.1052,548.75,569.5,6087.0,4770.0,202411,79.5447,1.655,67.52555,55.49445,0,Thursday
2024-11-28,5951,,,2024,18.1133,,,6330.0,5050.0,202411,79.5447,1.655,67.52555,55.49445,0,Thursday
2024-12-05,5926,,,2024,18.0157,546.75,558.25,6307.0,5006.0,202412,83.9046,1.3508335,72.0266,60.14195,0,Thursday
2024-12-12,5830,,,2024,17.8037,538.75,558.5,6382.0,5095.0,202412,83.9046,1.3508335,72.0266,60.14195,0,Thursday
2024-12-19,5756,,,2024,18.3919,533.0,543.5,6774.0,5447.0,202412,83.9046,1.3508335,72.0266,60.14195,0,Thursday
